.\101_ObjectCategories\joshua_tree\image_0002.jpg,joshua_tree
.\101_ObjectCategories\airplanes\image_0365.jpg,airplanes
.\101_ObjectCategories\anchor\image_0031.jpg,anchor
.\101_ObjectCategories\crayfish\image_0021.jpg,crayfish
.\101_ObjectCategories\Motorbikes\image_0113.jpg,Motorbikes
.\101_ObjectCategories\airplanes\image_0375.jpg,airplanes
.\101_ObjectCategories\scorpion\image_0053.jpg,scorpion
.\101_ObjectCategories\laptop\image_0059.jpg,laptop
.\101_ObjectCategories\Faces\image_0237.jpg,Faces
.\101_ObjectCategories\water_lilly\image_0021.jpg,water_lilly
.\101_ObjectCategories\airplanes\image_0602.jpg,airplanes
.\101_ObjectCategories\ibis\image_0037.jpg,ibis
.\101_ObjectCategories\trilobite\image_0009.jpg,trilobite
.\101_ObjectCategories\ceiling_fan\image_0033.jpg,ceiling_fan
.\101_ObjectCategories\Faces_easy\image_0105.jpg,Faces_easy
.\101_ObjectCategories\sea_horse\image_0048.jpg,sea_horse
.\101_ObjectCategories\hawksbill\image_0076.jpg,hawksbill
.\101_ObjectCategories\airplanes\image_0008.jpg,airplanes
.\101_ObjectCategories\Faces_easy\image_0147.jpg,Faces_easy
.\101_ObjectCategories\crocodile_head\image_0008.jpg,crocodile_head
.\101_ObjectCategories\cannon\image_0035.jpg,cannon
.\101_ObjectCategories\Motorbikes\image_0575.jpg,Motorbikes
.\101_ObjectCategories\Faces\image_0218.jpg,Faces
.\101_ObjectCategories\beaver\image_0008.jpg,beaver
.\101_ObjectCategories\ketch\image_0067.jpg,ketch
.\101_ObjectCategories\cougar_face\image_0017.jpg,cougar_face
.\101_ObjectCategories\helicopter\image_0069.jpg,helicopter
.\101_ObjectCategories\Motorbikes\image_0088.jpg,Motorbikes
.\101_ObjectCategories\kangaroo\image_0056.jpg,kangaroo
.\101_ObjectCategories\flamingo\image_0018.jpg,flamingo
.\101_ObjectCategories\water_lilly\image_0013.jpg,water_lilly
.\101_ObjectCategories\Motorbikes\image_0782.jpg,Motorbikes
.\101_ObjectCategories\watch\image_0215.jpg,watch
.\101_ObjectCategories\ketch\image_0001.jpg,ketch
.\101_ObjectCategories\minaret\image_0045.jpg,minaret
.\101_ObjectCategories\airplanes\image_0352.jpg,airplanes
.\101_ObjectCategories\bass\image_0040.jpg,bass
.\101_ObjectCategories\anchor\image_0036.jpg,anchor
.\101_ObjectCategories\Faces_easy\image_0164.jpg,Faces_easy
.\101_ObjectCategories\ibis\image_0046.jpg,ibis
.\101_ObjectCategories\chandelier\image_0017.jpg,chandelier
.\101_ObjectCategories\Faces_easy\image_0223.jpg,Faces_easy
.\101_ObjectCategories\beaver\image_0030.jpg,beaver
.\101_ObjectCategories\ibis\image_0015.jpg,ibis
.\101_ObjectCategories\airplanes\image_0794.jpg,airplanes
.\101_ObjectCategories\dragonfly\image_0014.jpg,dragonfly
.\101_ObjectCategories\llama\image_0057.jpg,llama
.\101_ObjectCategories\electric_guitar\image_0057.jpg,electric_guitar
.\101_ObjectCategories\brontosaurus\image_0020.jpg,brontosaurus
.\101_ObjectCategories\Faces\image_0063.jpg,Faces
.\101_ObjectCategories\bonsai\image_0084.jpg,bonsai
.\101_ObjectCategories\Motorbikes\image_0622.jpg,Motorbikes
.\101_ObjectCategories\crocodile\image_0019.jpg,crocodile
.\101_ObjectCategories\airplanes\image_0178.jpg,airplanes
.\101_ObjectCategories\watch\image_0073.jpg,watch
.\101_ObjectCategories\hedgehog\image_0034.jpg,hedgehog
.\101_ObjectCategories\electric_guitar\image_0019.jpg,electric_guitar
.\101_ObjectCategories\bass\image_0014.jpg,bass
.\101_ObjectCategories\Motorbikes\image_0748.jpg,Motorbikes
.\101_ObjectCategories\emu\image_0051.jpg,emu
.\101_ObjectCategories\lamp\image_0028.jpg,lamp
.\101_ObjectCategories\cannon\image_0010.jpg,cannon
.\101_ObjectCategories\helicopter\image_0076.jpg,helicopter
.\101_ObjectCategories\rhino\image_0040.jpg,rhino
.\101_ObjectCategories\ketch\image_0099.jpg,ketch
.\101_ObjectCategories\dollar_bill\image_0043.jpg,dollar_bill
.\101_ObjectCategories\Motorbikes\image_0683.jpg,Motorbikes
.\101_ObjectCategories\euphonium\image_0035.jpg,euphonium
.\101_ObjectCategories\bonsai\image_0039.jpg,bonsai
.\101_ObjectCategories\kangaroo\image_0058.jpg,kangaroo
.\101_ObjectCategories\airplanes\image_0778.jpg,airplanes
.\101_ObjectCategories\snoopy\image_0018.jpg,snoopy
.\101_ObjectCategories\helicopter\image_0018.jpg,helicopter
.\101_ObjectCategories\ketch\image_0020.jpg,ketch
.\101_ObjectCategories\starfish\image_0032.jpg,starfish
.\101_ObjectCategories\Faces\image_0170.jpg,Faces
.\101_ObjectCategories\airplanes\image_0165.jpg,airplanes
.\101_ObjectCategories\scorpion\image_0072.jpg,scorpion
.\101_ObjectCategories\Faces_easy\image_0004.jpg,Faces_easy
.\101_ObjectCategories\Motorbikes\image_0623.jpg,Motorbikes
.\101_ObjectCategories\Faces\image_0081.jpg,Faces
.\101_ObjectCategories\okapi\image_0018.jpg,okapi
.\101_ObjectCategories\Faces_easy\image_0196.jpg,Faces_easy
.\101_ObjectCategories\inline_skate\image_0011.jpg,inline_skate
.\101_ObjectCategories\flamingo\image_0040.jpg,flamingo
.\101_ObjectCategories\watch\image_0062.jpg,watch
.\101_ObjectCategories\crab\image_0034.jpg,crab
.\101_ObjectCategories\airplanes\image_0700.jpg,airplanes
.\101_ObjectCategories\airplanes\image_0482.jpg,airplanes
.\101_ObjectCategories\revolver\image_0026.jpg,revolver
.\101_ObjectCategories\Faces\image_0307.jpg,Faces
.\101_ObjectCategories\accordion\image_0040.jpg,accordion
.\101_ObjectCategories\Faces\image_0316.jpg,Faces
.\101_ObjectCategories\mandolin\image_0018.jpg,mandolin
.\101_ObjectCategories\crayfish\image_0015.jpg,crayfish
.\101_ObjectCategories\watch\image_0097.jpg,watch
.\101_ObjectCategories\sea_horse\image_0042.jpg,sea_horse
.\101_ObjectCategories\Motorbikes\image_0784.jpg,Motorbikes
.\101_ObjectCategories\Faces_easy\image_0180.jpg,Faces_easy
.\101_ObjectCategories\lobster\image_0016.jpg,lobster
.\101_ObjectCategories\ewer\image_0074.jpg,ewer
.\101_ObjectCategories\Motorbikes\image_0347.jpg,Motorbikes
.\101_ObjectCategories\Faces\image_0236.jpg,Faces
.\101_ObjectCategories\umbrella\image_0010.jpg,umbrella
.\101_ObjectCategories\airplanes\image_0642.jpg,airplanes
.\101_ObjectCategories\Faces_easy\image_0101.jpg,Faces_easy
.\101_ObjectCategories\windsor_chair\image_0002.jpg,windsor_chair
.\101_ObjectCategories\Motorbikes\image_0011.jpg,Motorbikes
.\101_ObjectCategories\Motorbikes\image_0179.jpg,Motorbikes
.\101_ObjectCategories\Faces_easy\image_0285.jpg,Faces_easy
.\101_ObjectCategories\electric_guitar\image_0029.jpg,electric_guitar
.\101_ObjectCategories\hawksbill\image_0051.jpg,hawksbill
.\101_ObjectCategories\rhino\image_0018.jpg,rhino
.\101_ObjectCategories\Motorbikes\image_0746.jpg,Motorbikes
.\101_ObjectCategories\ant\image_0042.jpg,ant
.\101_ObjectCategories\llama\image_0006.jpg,llama
.\101_ObjectCategories\lotus\image_0057.jpg,lotus
.\101_ObjectCategories\ewer\image_0004.jpg,ewer
.\101_ObjectCategories\Faces\image_0015.jpg,Faces
.\101_ObjectCategories\Faces_easy\image_0154.jpg,Faces_easy
.\101_ObjectCategories\Faces_easy\image_0033.jpg,Faces_easy
.\101_ObjectCategories\beaver\image_0043.jpg,beaver
.\101_ObjectCategories\Motorbikes\image_0666.jpg,Motorbikes
.\101_ObjectCategories\Motorbikes\image_0084.jpg,Motorbikes
.\101_ObjectCategories\sunflower\image_0016.jpg,sunflower
.\101_ObjectCategories\laptop\image_0029.jpg,laptop
.\101_ObjectCategories\Faces_easy\image_0400.jpg,Faces_easy
.\101_ObjectCategories\pyramid\image_0040.jpg,pyramid
.\101_ObjectCategories\Faces\image_0407.jpg,Faces
.\101_ObjectCategories\lamp\image_0035.jpg,lamp
.\101_ObjectCategories\pagoda\image_0018.jpg,pagoda
.\101_ObjectCategories\Faces\image_0274.jpg,Faces
.\101_ObjectCategories\yin_yang\image_0006.jpg,yin_yang
.\101_ObjectCategories\Motorbikes\image_0162.jpg,Motorbikes
.\101_ObjectCategories\schooner\image_0018.jpg,schooner
.\101_ObjectCategories\elephant\image_0029.jpg,elephant
.\101_ObjectCategories\watch\image_0049.jpg,watch
.\101_ObjectCategories\chandelier\image_0028.jpg,chandelier
.\101_ObjectCategories\emu\image_0001.jpg,emu
.\101_ObjectCategories\flamingo_head\image_0014.jpg,flamingo_head
.\101_ObjectCategories\ibis\image_0002.jpg,ibis
.\101_ObjectCategories\rhino\image_0022.jpg,rhino
.\101_ObjectCategories\cougar_face\image_0067.jpg,cougar_face
.\101_ObjectCategories\airplanes\image_0242.jpg,airplanes
.\101_ObjectCategories\Motorbikes\image_0500.jpg,Motorbikes
.\101_ObjectCategories\airplanes\image_0175.jpg,airplanes
.\101_ObjectCategories\saxophone\image_0022.jpg,saxophone
.\101_ObjectCategories\airplanes\image_0065.jpg,airplanes
.\101_ObjectCategories\airplanes\image_0012.jpg,airplanes
.\101_ObjectCategories\Motorbikes\image_0579.jpg,Motorbikes
.\101_ObjectCategories\helicopter\image_0073.jpg,helicopter
.\101_ObjectCategories\menorah\image_0016.jpg,menorah
.\101_ObjectCategories\bonsai\image_0072.jpg,bonsai
.\101_ObjectCategories\soccer_ball\image_0021.jpg,soccer_ball
.\101_ObjectCategories\emu\image_0028.jpg,emu
.\101_ObjectCategories\airplanes\image_0622.jpg,airplanes
.\101_ObjectCategories\airplanes\image_0605.jpg,airplanes
.\101_ObjectCategories\crab\image_0024.jpg,crab
.\101_ObjectCategories\Faces\image_0253.jpg,Faces
.\101_ObjectCategories\windsor_chair\image_0050.jpg,windsor_chair
.\101_ObjectCategories\ibis\image_0025.jpg,ibis
.\101_ObjectCategories\Faces\image_0344.jpg,Faces
.\101_ObjectCategories\grand_piano\image_0042.jpg,grand_piano
.\101_ObjectCategories\bass\image_0008.jpg,bass
.\101_ObjectCategories\Motorbikes\image_0254.jpg,Motorbikes
.\101_ObjectCategories\bonsai\image_0040.jpg,bonsai
.\101_ObjectCategories\bonsai\image_0001.jpg,bonsai
.\101_ObjectCategories\airplanes\image_0364.jpg,airplanes
.\101_ObjectCategories\butterfly\image_0051.jpg,butterfly
.\101_ObjectCategories\cellphone\image_0016.jpg,cellphone
.\101_ObjectCategories\emu\image_0006.jpg,emu
.\101_ObjectCategories\Leopards\image_0083.jpg,Leopards
.\101_ObjectCategories\cellphone\image_0033.jpg,cellphone
.\101_ObjectCategories\yin_yang\image_0032.jpg,yin_yang
.\101_ObjectCategories\helicopter\image_0047.jpg,helicopter
.\101_ObjectCategories\scorpion\image_0069.jpg,scorpion
.\101_ObjectCategories\airplanes\image_0324.jpg,airplanes
.\101_ObjectCategories\bonsai\image_0070.jpg,bonsai
.\101_ObjectCategories\saxophone\image_0001.jpg,saxophone
.\101_ObjectCategories\dragonfly\image_0011.jpg,dragonfly
.\101_ObjectCategories\sunflower\image_0035.jpg,sunflower
.\101_ObjectCategories\dolphin\image_0055.jpg,dolphin
.\101_ObjectCategories\wild_cat\image_0033.jpg,wild_cat
.\101_ObjectCategories\sunflower\image_0005.jpg,sunflower
.\101_ObjectCategories\ferry\image_0029.jpg,ferry
.\101_ObjectCategories\crab\image_0036.jpg,crab
.\101_ObjectCategories\trilobite\image_0015.jpg,trilobite
.\101_ObjectCategories\cannon\image_0024.jpg,cannon
.\101_ObjectCategories\watch\image_0229.jpg,watch
.\101_ObjectCategories\sunflower\image_0054.jpg,sunflower
.\101_ObjectCategories\airplanes\image_0341.jpg,airplanes
.\101_ObjectCategories\airplanes\image_0427.jpg,airplanes
.\101_ObjectCategories\mandolin\image_0030.jpg,mandolin
.\101_ObjectCategories\airplanes\image_0414.jpg,airplanes
.\101_ObjectCategories\scorpion\image_0061.jpg,scorpion
.\101_ObjectCategories\stegosaurus\image_0030.jpg,stegosaurus
.\101_ObjectCategories\rooster\image_0019.jpg,rooster
.\101_ObjectCategories\ant\image_0007.jpg,ant
.\101_ObjectCategories\Motorbikes\image_0151.jpg,Motorbikes
.\101_ObjectCategories\airplanes\image_0331.jpg,airplanes
.\101_ObjectCategories\pagoda\image_0042.jpg,pagoda
.\101_ObjectCategories\sunflower\image_0010.jpg,sunflower
.\101_ObjectCategories\watch\image_0002.jpg,watch
.\101_ObjectCategories\dragonfly\image_0010.jpg,dragonfly
.\101_ObjectCategories\grand_piano\image_0099.jpg,grand_piano
.\101_ObjectCategories\Motorbikes\image_0477.jpg,Motorbikes
.\101_ObjectCategories\kangaroo\image_0078.jpg,kangaroo
.\101_ObjectCategories\Motorbikes\image_0491.jpg,Motorbikes
.\101_ObjectCategories\scissors\image_0039.jpg,scissors
.\101_ObjectCategories\okapi\image_0024.jpg,okapi
.\101_ObjectCategories\gramophone\image_0033.jpg,gramophone
.\101_ObjectCategories\wheelchair\image_0027.jpg,wheelchair
.\101_ObjectCategories\airplanes\image_0304.jpg,airplanes
.\101_ObjectCategories\airplanes\image_0035.jpg,airplanes
.\101_ObjectCategories\Faces_easy\image_0204.jpg,Faces_easy
.\101_ObjectCategories\airplanes\image_0669.jpg,airplanes
.\101_ObjectCategories\butterfly\image_0018.jpg,butterfly
.\101_ObjectCategories\flamingo\image_0051.jpg,flamingo
.\101_ObjectCategories\windsor_chair\image_0052.jpg,windsor_chair
.\101_ObjectCategories\Motorbikes\image_0380.jpg,Motorbikes
.\101_ObjectCategories\grand_piano\image_0038.jpg,grand_piano
.\101_ObjectCategories\anchor\image_0006.jpg,anchor
.\101_ObjectCategories\elephant\image_0026.jpg,elephant
.\101_ObjectCategories\strawberry\image_0009.jpg,strawberry
.\101_ObjectCategories\flamingo\image_0056.jpg,flamingo
.\101_ObjectCategories\Motorbikes\image_0604.jpg,Motorbikes
.\101_ObjectCategories\starfish\image_0082.jpg,starfish
.\101_ObjectCategories\Leopards\image_0042.jpg,Leopards
.\101_ObjectCategories\accordion\image_0021.jpg,accordion
.\101_ObjectCategories\flamingo_head\image_0032.jpg,flamingo_head
.\101_ObjectCategories\Faces\image_0304.jpg,Faces
.\101_ObjectCategories\stop_sign\image_0048.jpg,stop_sign
.\101_ObjectCategories\wheelchair\image_0004.jpg,wheelchair
.\101_ObjectCategories\trilobite\image_0026.jpg,trilobite
.\101_ObjectCategories\wheelchair\image_0013.jpg,wheelchair
.\101_ObjectCategories\kangaroo\image_0036.jpg,kangaroo
.\101_ObjectCategories\okapi\image_0001.jpg,okapi
.\101_ObjectCategories\snoopy\image_0013.jpg,snoopy
.\101_ObjectCategories\Motorbikes\image_0215.jpg,Motorbikes
.\101_ObjectCategories\Motorbikes\image_0737.jpg,Motorbikes
.\101_ObjectCategories\lamp\image_0019.jpg,lamp
.\101_ObjectCategories\hawksbill\image_0069.jpg,hawksbill
.\101_ObjectCategories\Faces_easy\image_0039.jpg,Faces_easy
.\101_ObjectCategories\Motorbikes\image_0460.jpg,Motorbikes
.\101_ObjectCategories\ketch\image_0066.jpg,ketch
.\101_ObjectCategories\snoopy\image_0030.jpg,snoopy
.\101_ObjectCategories\dragonfly\image_0019.jpg,dragonfly
.\101_ObjectCategories\Faces\image_0135.jpg,Faces
.\101_ObjectCategories\brain\image_0051.jpg,brain
.\101_ObjectCategories\airplanes\image_0279.jpg,airplanes
.\101_ObjectCategories\pigeon\image_0040.jpg,pigeon
.\101_ObjectCategories\ferry\image_0007.jpg,ferry
.\101_ObjectCategories\menorah\image_0039.jpg,menorah
.\101_ObjectCategories\brain\image_0091.jpg,brain
.\101_ObjectCategories\schooner\image_0063.jpg,schooner
.\101_ObjectCategories\starfish\image_0024.jpg,starfish
.\101_ObjectCategories\watch\image_0059.jpg,watch
.\101_ObjectCategories\kangaroo\image_0075.jpg,kangaroo
.\101_ObjectCategories\metronome\image_0005.jpg,metronome
.\101_ObjectCategories\tick\image_0012.jpg,tick
.\101_ObjectCategories\Motorbikes\image_0689.jpg,Motorbikes
.\101_ObjectCategories\revolver\image_0024.jpg,revolver
.\101_ObjectCategories\ketch\image_0046.jpg,ketch
.\101_ObjectCategories\dalmatian\image_0027.jpg,dalmatian
.\101_ObjectCategories\brontosaurus\image_0018.jpg,brontosaurus
.\101_ObjectCategories\llama\image_0025.jpg,llama
.\101_ObjectCategories\llama\image_0078.jpg,llama
.\101_ObjectCategories\wild_cat\image_0003.jpg,wild_cat
.\101_ObjectCategories\hawksbill\image_0011.jpg,hawksbill
.\101_ObjectCategories\scorpion\image_0023.jpg,scorpion
.\101_ObjectCategories\crocodile_head\image_0020.jpg,crocodile_head
.\101_ObjectCategories\joshua_tree\image_0011.jpg,joshua_tree
.\101_ObjectCategories\brain\image_0028.jpg,brain
.\101_ObjectCategories\barrel\image_0017.jpg,barrel
.\101_ObjectCategories\yin_yang\image_0040.jpg,yin_yang
.\101_ObjectCategories\Faces_easy\image_0114.jpg,Faces_easy
.\101_ObjectCategories\airplanes\image_0305.jpg,airplanes
.\101_ObjectCategories\Motorbikes\image_0452.jpg,Motorbikes
.\101_ObjectCategories\hedgehog\image_0023.jpg,hedgehog
.\101_ObjectCategories\cougar_face\image_0004.jpg,cougar_face
.\101_ObjectCategories\laptop\image_0018.jpg,laptop
.\101_ObjectCategories\bass\image_0041.jpg,bass
.\101_ObjectCategories\airplanes\image_0089.jpg,airplanes
.\101_ObjectCategories\Faces_easy\image_0268.jpg,Faces_easy
.\101_ObjectCategories\Motorbikes\image_0330.jpg,Motorbikes
.\101_ObjectCategories\cougar_body\image_0020.jpg,cougar_body
.\101_ObjectCategories\Faces_easy\image_0168.jpg,Faces_easy
.\101_ObjectCategories\hawksbill\image_0093.jpg,hawksbill
.\101_ObjectCategories\Faces_easy\image_0065.jpg,Faces_easy
.\101_ObjectCategories\gramophone\image_0011.jpg,gramophone
.\101_ObjectCategories\camera\image_0038.jpg,camera
.\101_ObjectCategories\lamp\image_0033.jpg,lamp
.\101_ObjectCategories\watch\image_0106.jpg,watch
.\101_ObjectCategories\ant\image_0032.jpg,ant
.\101_ObjectCategories\Faces\image_0265.jpg,Faces
.\101_ObjectCategories\nautilus\image_0024.jpg,nautilus
.\101_ObjectCategories\pizza\image_0002.jpg,pizza
.\101_ObjectCategories\Faces_easy\image_0178.jpg,Faces_easy
.\101_ObjectCategories\windsor_chair\image_0029.jpg,windsor_chair
.\101_ObjectCategories\mandolin\image_0015.jpg,mandolin
.\101_ObjectCategories\elephant\image_0016.jpg,elephant
.\101_ObjectCategories\ewer\image_0064.jpg,ewer
.\101_ObjectCategories\Faces_easy\image_0096.jpg,Faces_easy
.\101_ObjectCategories\brain\image_0038.jpg,brain
.\101_ObjectCategories\wrench\image_0009.jpg,wrench
.\101_ObjectCategories\ewer\image_0065.jpg,ewer
.\101_ObjectCategories\Motorbikes\image_0032.jpg,Motorbikes
.\101_ObjectCategories\bonsai\image_0047.jpg,bonsai
.\101_ObjectCategories\Faces\image_0310.jpg,Faces
.\101_ObjectCategories\watch\image_0211.jpg,watch
.\101_ObjectCategories\airplanes\image_0284.jpg,airplanes
.\101_ObjectCategories\airplanes\image_0495.jpg,airplanes
.\101_ObjectCategories\crab\image_0053.jpg,crab
.\101_ObjectCategories\ant\image_0024.jpg,ant
.\101_ObjectCategories\minaret\image_0023.jpg,minaret
.\101_ObjectCategories\scorpion\image_0016.jpg,scorpion
.\101_ObjectCategories\crab\image_0031.jpg,crab
.\101_ObjectCategories\Motorbikes\image_0029.jpg,Motorbikes
.\101_ObjectCategories\Faces\image_0206.jpg,Faces
.\101_ObjectCategories\beaver\image_0004.jpg,beaver
.\101_ObjectCategories\chair\image_0028.jpg,chair
.\101_ObjectCategories\electric_guitar\image_0046.jpg,electric_guitar
.\101_ObjectCategories\ketch\image_0075.jpg,ketch
.\101_ObjectCategories\elephant\image_0023.jpg,elephant
.\101_ObjectCategories\Faces_easy\image_0227.jpg,Faces_easy
.\101_ObjectCategories\watch\image_0185.jpg,watch
.\101_ObjectCategories\platypus\image_0025.jpg,platypus
.\101_ObjectCategories\Faces_easy\image_0330.jpg,Faces_easy
.\101_ObjectCategories\menorah\image_0048.jpg,menorah
.\101_ObjectCategories\grand_piano\image_0082.jpg,grand_piano
.\101_ObjectCategories\Leopards\image_0075.jpg,Leopards
.\101_ObjectCategories\airplanes\image_0328.jpg,airplanes
.\101_ObjectCategories\schooner\image_0051.jpg,schooner
.\101_ObjectCategories\nautilus\image_0014.jpg,nautilus
.\101_ObjectCategories\panda\image_0014.jpg,panda
.\101_ObjectCategories\brain\image_0022.jpg,brain
.\101_ObjectCategories\Faces_easy\image_0403.jpg,Faces_easy
.\101_ObjectCategories\cougar_face\image_0026.jpg,cougar_face
.\101_ObjectCategories\watch\image_0135.jpg,watch
.\101_ObjectCategories\joshua_tree\image_0059.jpg,joshua_tree
.\101_ObjectCategories\Motorbikes\image_0120.jpg,Motorbikes
.\101_ObjectCategories\Motorbikes\image_0755.jpg,Motorbikes
.\101_ObjectCategories\Faces_easy\image_0047.jpg,Faces_easy
.\101_ObjectCategories\emu\image_0050.jpg,emu
.\101_ObjectCategories\airplanes\image_0494.jpg,airplanes
.\101_ObjectCategories\scorpion\image_0077.jpg,scorpion
.\101_ObjectCategories\cellphone\image_0023.jpg,cellphone
.\101_ObjectCategories\Leopards\image_0067.jpg,Leopards
.\101_ObjectCategories\Faces\image_0136.jpg,Faces
.\101_ObjectCategories\barrel\image_0041.jpg,barrel
.\101_ObjectCategories\wheelchair\image_0057.jpg,wheelchair
.\101_ObjectCategories\panda\image_0034.jpg,panda
.\101_ObjectCategories\Faces_easy\image_0012.jpg,Faces_easy
.\101_ObjectCategories\Faces\image_0190.jpg,Faces
.\101_ObjectCategories\Faces\image_0215.jpg,Faces
.\101_ObjectCategories\lotus\image_0055.jpg,lotus
.\101_ObjectCategories\Faces_easy\image_0094.jpg,Faces_easy
.\101_ObjectCategories\Motorbikes\image_0327.jpg,Motorbikes
.\101_ObjectCategories\Motorbikes\image_0356.jpg,Motorbikes
.\101_ObjectCategories\pizza\image_0045.jpg,pizza
.\101_ObjectCategories\snoopy\image_0019.jpg,snoopy
.\101_ObjectCategories\revolver\image_0062.jpg,revolver
.\101_ObjectCategories\Faces_easy\image_0016.jpg,Faces_easy
.\101_ObjectCategories\Leopards\image_0121.jpg,Leopards
.\101_ObjectCategories\Motorbikes\image_0616.jpg,Motorbikes
.\101_ObjectCategories\crab\image_0004.jpg,crab
.\101_ObjectCategories\crocodile\image_0008.jpg,crocodile
.\101_ObjectCategories\buddha\image_0045.jpg,buddha
.\101_ObjectCategories\brontosaurus\image_0004.jpg,brontosaurus
.\101_ObjectCategories\buddha\image_0085.jpg,buddha
.\101_ObjectCategories\ibis\image_0019.jpg,ibis
.\101_ObjectCategories\Motorbikes\image_0679.jpg,Motorbikes
.\101_ObjectCategories\sea_horse\image_0039.jpg,sea_horse
.\101_ObjectCategories\watch\image_0041.jpg,watch
.\101_ObjectCategories\Faces\image_0050.jpg,Faces
.\101_ObjectCategories\Leopards\image_0193.jpg,Leopards
.\101_ObjectCategories\airplanes\image_0001.jpg,airplanes
.\101_ObjectCategories\grand_piano\image_0048.jpg,grand_piano
.\101_ObjectCategories\airplanes\image_0291.jpg,airplanes
.\101_ObjectCategories\watch\image_0144.jpg,watch
.\101_ObjectCategories\crocodile\image_0016.jpg,crocodile
.\101_ObjectCategories\Faces_easy\image_0247.jpg,Faces_easy
.\101_ObjectCategories\Leopards\image_0026.jpg,Leopards
.\101_ObjectCategories\Motorbikes\image_0624.jpg,Motorbikes
.\101_ObjectCategories\Faces_easy\image_0277.jpg,Faces_easy
.\101_ObjectCategories\emu\image_0024.jpg,emu
.\101_ObjectCategories\ceiling_fan\image_0010.jpg,ceiling_fan
.\101_ObjectCategories\nautilus\image_0055.jpg,nautilus
.\101_ObjectCategories\Faces\image_0422.jpg,Faces
.\101_ObjectCategories\lotus\image_0020.jpg,lotus
.\101_ObjectCategories\hawksbill\image_0059.jpg,hawksbill
.\101_ObjectCategories\airplanes\image_0053.jpg,airplanes
.\101_ObjectCategories\accordion\image_0018.jpg,accordion
.\101_ObjectCategories\watch\image_0045.jpg,watch
.\101_ObjectCategories\rooster\image_0013.jpg,rooster
.\101_ObjectCategories\Faces_easy\image_0100.jpg,Faces_easy
.\101_ObjectCategories\ketch\image_0054.jpg,ketch
.\101_ObjectCategories\airplanes\image_0614.jpg,airplanes
.\101_ObjectCategories\Motorbikes\image_0297.jpg,Motorbikes
.\101_ObjectCategories\airplanes\image_0490.jpg,airplanes
.\101_ObjectCategories\car_side\image_0045.jpg,car_side
.\101_ObjectCategories\airplanes\image_0156.jpg,airplanes
.\101_ObjectCategories\airplanes\image_0145.jpg,airplanes
.\101_ObjectCategories\buddha\image_0025.jpg,buddha
.\101_ObjectCategories\Leopards\image_0008.jpg,Leopards
.\101_ObjectCategories\Motorbikes\image_0106.jpg,Motorbikes
.\101_ObjectCategories\flamingo_head\image_0006.jpg,flamingo_head
.\101_ObjectCategories\chandelier\image_0059.jpg,chandelier
.\101_ObjectCategories\gramophone\image_0029.jpg,gramophone
.\101_ObjectCategories\Motorbikes\image_0405.jpg,Motorbikes
.\101_ObjectCategories\dolphin\image_0046.jpg,dolphin
.\101_ObjectCategories\Motorbikes\image_0049.jpg,Motorbikes
.\101_ObjectCategories\airplanes\image_0326.jpg,airplanes
.\101_ObjectCategories\Faces_easy\image_0152.jpg,Faces_easy
.\101_ObjectCategories\elephant\image_0017.jpg,elephant
.\101_ObjectCategories\sunflower\image_0002.jpg,sunflower
.\101_ObjectCategories\crocodile\image_0007.jpg,crocodile
.\101_ObjectCategories\Motorbikes\image_0264.jpg,Motorbikes
.\101_ObjectCategories\chandelier\image_0026.jpg,chandelier
.\101_ObjectCategories\Motorbikes\image_0609.jpg,Motorbikes
.\101_ObjectCategories\airplanes\image_0344.jpg,airplanes
.\101_ObjectCategories\Faces_easy\image_0280.jpg,Faces_easy
.\101_ObjectCategories\bass\image_0002.jpg,bass
.\101_ObjectCategories\euphonium\image_0014.jpg,euphonium
.\101_ObjectCategories\wild_cat\image_0024.jpg,wild_cat
.\101_ObjectCategories\revolver\image_0072.jpg,revolver
.\101_ObjectCategories\buddha\image_0055.jpg,buddha
.\101_ObjectCategories\airplanes\image_0154.jpg,airplanes
.\101_ObjectCategories\ewer\image_0047.jpg,ewer
.\101_ObjectCategories\electric_guitar\image_0030.jpg,electric_guitar
.\101_ObjectCategories\ketch\image_0016.jpg,ketch
.\101_ObjectCategories\bonsai\image_0033.jpg,bonsai
.\101_ObjectCategories\grand_piano\image_0009.jpg,grand_piano
.\101_ObjectCategories\headphone\image_0013.jpg,headphone
.\101_ObjectCategories\Motorbikes\image_0396.jpg,Motorbikes
.\101_ObjectCategories\cellphone\image_0022.jpg,cellphone
.\101_ObjectCategories\crayfish\image_0032.jpg,crayfish
.\101_ObjectCategories\kangaroo\image_0018.jpg,kangaroo
.\101_ObjectCategories\flamingo\image_0048.jpg,flamingo
.\101_ObjectCategories\Motorbikes\image_0051.jpg,Motorbikes
.\101_ObjectCategories\bonsai\image_0099.jpg,bonsai
.\101_ObjectCategories\llama\image_0042.jpg,llama
.\101_ObjectCategories\airplanes\image_0020.jpg,airplanes
.\101_ObjectCategories\pigeon\image_0036.jpg,pigeon
.\101_ObjectCategories\sea_horse\image_0023.jpg,sea_horse
.\101_ObjectCategories\beaver\image_0037.jpg,beaver
.\101_ObjectCategories\umbrella\image_0068.jpg,umbrella
.\101_ObjectCategories\airplanes\image_0692.jpg,airplanes
.\101_ObjectCategories\trilobite\image_0031.jpg,trilobite
.\101_ObjectCategories\gramophone\image_0017.jpg,gramophone
.\101_ObjectCategories\wrench\image_0032.jpg,wrench
.\101_ObjectCategories\cougar_body\image_0017.jpg,cougar_body
.\101_ObjectCategories\car_side\image_0095.jpg,car_side
.\101_ObjectCategories\ant\image_0018.jpg,ant
.\101_ObjectCategories\watch\image_0100.jpg,watch
.\101_ObjectCategories\octopus\image_0007.jpg,octopus
.\101_ObjectCategories\beaver\image_0001.jpg,beaver
.\101_ObjectCategories\ant\image_0015.jpg,ant
.\101_ObjectCategories\euphonium\image_0057.jpg,euphonium
.\101_ObjectCategories\dragonfly\image_0054.jpg,dragonfly
.\101_ObjectCategories\strawberry\image_0006.jpg,strawberry
.\101_ObjectCategories\menorah\image_0080.jpg,menorah
.\101_ObjectCategories\Faces_easy\image_0179.jpg,Faces_easy
.\101_ObjectCategories\wheelchair\image_0012.jpg,wheelchair
.\101_ObjectCategories\scorpion\image_0012.jpg,scorpion
.\101_ObjectCategories\lobster\image_0017.jpg,lobster
.\101_ObjectCategories\Faces\image_0129.jpg,Faces
.\101_ObjectCategories\mayfly\image_0017.jpg,mayfly
.\101_ObjectCategories\Faces\image_0327.jpg,Faces
.\101_ObjectCategories\dalmatian\image_0026.jpg,dalmatian
.\101_ObjectCategories\trilobite\image_0028.jpg,trilobite
.\101_ObjectCategories\dolphin\image_0045.jpg,dolphin
.\101_ObjectCategories\airplanes\image_0585.jpg,airplanes
.\101_ObjectCategories\bonsai\image_0087.jpg,bonsai
.\101_ObjectCategories\stapler\image_0013.jpg,stapler
.\101_ObjectCategories\Faces\image_0167.jpg,Faces
.\101_ObjectCategories\Motorbikes\image_0726.jpg,Motorbikes
.\101_ObjectCategories\hawksbill\image_0056.jpg,hawksbill
.\101_ObjectCategories\watch\image_0208.jpg,watch
.\101_ObjectCategories\cup\image_0009.jpg,cup
.\101_ObjectCategories\helicopter\image_0081.jpg,helicopter
.\101_ObjectCategories\electric_guitar\image_0051.jpg,electric_guitar
.\101_ObjectCategories\hawksbill\image_0096.jpg,hawksbill
.\101_ObjectCategories\revolver\image_0055.jpg,revolver
.\101_ObjectCategories\scissors\image_0037.jpg,scissors
.\101_ObjectCategories\watch\image_0032.jpg,watch
.\101_ObjectCategories\grand_piano\image_0056.jpg,grand_piano
.\101_ObjectCategories\grand_piano\image_0028.jpg,grand_piano
.\101_ObjectCategories\Faces_easy\image_0254.jpg,Faces_easy
.\101_ObjectCategories\chandelier\image_0022.jpg,chandelier
.\101_ObjectCategories\pigeon\image_0016.jpg,pigeon
.\101_ObjectCategories\airplanes\image_0220.jpg,airplanes
.\101_ObjectCategories\Leopards\image_0169.jpg,Leopards
.\101_ObjectCategories\sunflower\image_0028.jpg,sunflower
.\101_ObjectCategories\ceiling_fan\image_0023.jpg,ceiling_fan
.\101_ObjectCategories\crayfish\image_0036.jpg,crayfish
.\101_ObjectCategories\airplanes\image_0730.jpg,airplanes
.\101_ObjectCategories\Leopards\image_0095.jpg,Leopards
.\101_ObjectCategories\stegosaurus\image_0031.jpg,stegosaurus
.\101_ObjectCategories\wild_cat\image_0012.jpg,wild_cat
.\101_ObjectCategories\airplanes\image_0159.jpg,airplanes
.\101_ObjectCategories\ferry\image_0050.jpg,ferry
.\101_ObjectCategories\watch\image_0081.jpg,watch
.\101_ObjectCategories\helicopter\image_0041.jpg,helicopter
.\101_ObjectCategories\pyramid\image_0024.jpg,pyramid
.\101_ObjectCategories\menorah\image_0018.jpg,menorah
.\101_ObjectCategories\cup\image_0033.jpg,cup
.\101_ObjectCategories\Faces\image_0346.jpg,Faces
.\101_ObjectCategories\scorpion\image_0037.jpg,scorpion
.\101_ObjectCategories\sea_horse\image_0024.jpg,sea_horse
.\101_ObjectCategories\Motorbikes\image_0054.jpg,Motorbikes
.\101_ObjectCategories\bass\image_0025.jpg,bass
.\101_ObjectCategories\dollar_bill\image_0002.jpg,dollar_bill
.\101_ObjectCategories\airplanes\image_0455.jpg,airplanes
.\101_ObjectCategories\camera\image_0044.jpg,camera
.\101_ObjectCategories\ketch\image_0029.jpg,ketch
.\101_ObjectCategories\bass\image_0003.jpg,bass
.\101_ObjectCategories\minaret\image_0024.jpg,minaret
.\101_ObjectCategories\Faces\image_0044.jpg,Faces
.\101_ObjectCategories\anchor\image_0020.jpg,anchor
.\101_ObjectCategories\Motorbikes\image_0378.jpg,Motorbikes
.\101_ObjectCategories\ewer\image_0020.jpg,ewer
.\101_ObjectCategories\chandelier\image_0057.jpg,chandelier
.\101_ObjectCategories\panda\image_0018.jpg,panda
.\101_ObjectCategories\helicopter\image_0058.jpg,helicopter
.\101_ObjectCategories\airplanes\image_0124.jpg,airplanes
.\101_ObjectCategories\lamp\image_0036.jpg,lamp
.\101_ObjectCategories\Faces\image_0244.jpg,Faces
.\101_ObjectCategories\airplanes\image_0206.jpg,airplanes
.\101_ObjectCategories\Faces_easy\image_0035.jpg,Faces_easy
.\101_ObjectCategories\helicopter\image_0030.jpg,helicopter
.\101_ObjectCategories\bass\image_0054.jpg,bass
.\101_ObjectCategories\joshua_tree\image_0012.jpg,joshua_tree
.\101_ObjectCategories\airplanes\image_0648.jpg,airplanes
.\101_ObjectCategories\car_side\image_0003.jpg,car_side
.\101_ObjectCategories\watch\image_0101.jpg,watch
.\101_ObjectCategories\camera\image_0026.jpg,camera
.\101_ObjectCategories\soccer_ball\image_0039.jpg,soccer_ball
.\101_ObjectCategories\dalmatian\image_0015.jpg,dalmatian
.\101_ObjectCategories\wheelchair\image_0028.jpg,wheelchair
.\101_ObjectCategories\laptop\image_0017.jpg,laptop
.\101_ObjectCategories\airplanes\image_0086.jpg,airplanes
.\101_ObjectCategories\brontosaurus\image_0030.jpg,brontosaurus
.\101_ObjectCategories\Motorbikes\image_0023.jpg,Motorbikes
.\101_ObjectCategories\Leopards\image_0168.jpg,Leopards
.\101_ObjectCategories\chandelier\image_0025.jpg,chandelier
.\101_ObjectCategories\stop_sign\image_0014.jpg,stop_sign
.\101_ObjectCategories\butterfly\image_0050.jpg,butterfly
.\101_ObjectCategories\nautilus\image_0017.jpg,nautilus
.\101_ObjectCategories\chair\image_0047.jpg,chair
.\101_ObjectCategories\bonsai\image_0118.jpg,bonsai
.\101_ObjectCategories\watch\image_0161.jpg,watch
.\101_ObjectCategories\butterfly\image_0084.jpg,butterfly
.\101_ObjectCategories\airplanes\image_0629.jpg,airplanes
.\101_ObjectCategories\brain\image_0020.jpg,brain
.\101_ObjectCategories\Faces\image_0191.jpg,Faces
.\101_ObjectCategories\chandelier\image_0075.jpg,chandelier
.\101_ObjectCategories\Motorbikes\image_0529.jpg,Motorbikes
.\101_ObjectCategories\chandelier\image_0090.jpg,chandelier
.\101_ObjectCategories\stapler\image_0006.jpg,stapler
.\101_ObjectCategories\minaret\image_0018.jpg,minaret
.\101_ObjectCategories\octopus\image_0017.jpg,octopus
.\101_ObjectCategories\joshua_tree\image_0003.jpg,joshua_tree
.\101_ObjectCategories\scorpion\image_0044.jpg,scorpion
.\101_ObjectCategories\gramophone\image_0039.jpg,gramophone
.\101_ObjectCategories\crayfish\image_0047.jpg,crayfish
.\101_ObjectCategories\butterfly\image_0027.jpg,butterfly
.\101_ObjectCategories\lobster\image_0026.jpg,lobster
.\101_ObjectCategories\Motorbikes\image_0019.jpg,Motorbikes
.\101_ObjectCategories\Faces\image_0367.jpg,Faces
.\101_ObjectCategories\ceiling_fan\image_0047.jpg,ceiling_fan
.\101_ObjectCategories\elephant\image_0031.jpg,elephant
.\101_ObjectCategories\dragonfly\image_0065.jpg,dragonfly
.\101_ObjectCategories\bonsai\image_0016.jpg,bonsai
.\101_ObjectCategories\Faces\image_0329.jpg,Faces
.\101_ObjectCategories\cellphone\image_0011.jpg,cellphone
.\101_ObjectCategories\lotus\image_0045.jpg,lotus
.\101_ObjectCategories\Faces\image_0188.jpg,Faces
.\101_ObjectCategories\Leopards\image_0192.jpg,Leopards
.\101_ObjectCategories\schooner\image_0020.jpg,schooner
.\101_ObjectCategories\dolphin\image_0054.jpg,dolphin
.\101_ObjectCategories\dolphin\image_0061.jpg,dolphin
.\101_ObjectCategories\llama\image_0055.jpg,llama
.\101_ObjectCategories\watch\image_0140.jpg,watch
.\101_ObjectCategories\mayfly\image_0011.jpg,mayfly
.\101_ObjectCategories\brain\image_0019.jpg,brain
.\101_ObjectCategories\airplanes\image_0361.jpg,airplanes
.\101_ObjectCategories\airplanes\image_0497.jpg,airplanes
.\101_ObjectCategories\llama\image_0016.jpg,llama
.\101_ObjectCategories\gramophone\image_0051.jpg,gramophone
.\101_ObjectCategories\hawksbill\image_0039.jpg,hawksbill
.\101_ObjectCategories\gramophone\image_0031.jpg,gramophone
.\101_ObjectCategories\yin_yang\image_0033.jpg,yin_yang
.\101_ObjectCategories\minaret\image_0029.jpg,minaret
.\101_ObjectCategories\Leopards\image_0150.jpg,Leopards
.\101_ObjectCategories\garfield\image_0034.jpg,garfield
.\101_ObjectCategories\Faces_easy\image_0250.jpg,Faces_easy
.\101_ObjectCategories\watch\image_0133.jpg,watch
.\101_ObjectCategories\brontosaurus\image_0036.jpg,brontosaurus
.\101_ObjectCategories\camera\image_0011.jpg,camera
.\101_ObjectCategories\car_side\image_0096.jpg,car_side
.\101_ObjectCategories\airplanes\image_0223.jpg,airplanes
.\101_ObjectCategories\starfish\image_0015.jpg,starfish
.\101_ObjectCategories\Motorbikes\image_0630.jpg,Motorbikes
.\101_ObjectCategories\brain\image_0055.jpg,brain
.\101_ObjectCategories\car_side\image_0120.jpg,car_side
.\101_ObjectCategories\airplanes\image_0198.jpg,airplanes
.\101_ObjectCategories\stegosaurus\image_0039.jpg,stegosaurus
.\101_ObjectCategories\ferry\image_0058.jpg,ferry
.\101_ObjectCategories\saxophone\image_0006.jpg,saxophone
.\101_ObjectCategories\lobster\image_0008.jpg,lobster
.\101_ObjectCategories\hedgehog\image_0045.jpg,hedgehog
.\101_ObjectCategories\airplanes\image_0755.jpg,airplanes
.\101_ObjectCategories\euphonium\image_0049.jpg,euphonium
.\101_ObjectCategories\umbrella\image_0050.jpg,umbrella
.\101_ObjectCategories\platypus\image_0015.jpg,platypus
.\101_ObjectCategories\airplanes\image_0381.jpg,airplanes
.\101_ObjectCategories\trilobite\image_0023.jpg,trilobite
.\101_ObjectCategories\barrel\image_0043.jpg,barrel
.\101_ObjectCategories\Faces\image_0320.jpg,Faces
.\101_ObjectCategories\hawksbill\image_0030.jpg,hawksbill
.\101_ObjectCategories\snoopy\image_0004.jpg,snoopy
.\101_ObjectCategories\ewer\image_0059.jpg,ewer
.\101_ObjectCategories\watch\image_0142.jpg,watch
.\101_ObjectCategories\scorpion\image_0083.jpg,scorpion
.\101_ObjectCategories\dalmatian\image_0004.jpg,dalmatian
.\101_ObjectCategories\ewer\image_0081.jpg,ewer
.\101_ObjectCategories\stop_sign\image_0046.jpg,stop_sign
.\101_ObjectCategories\kangaroo\image_0021.jpg,kangaroo
.\101_ObjectCategories\sunflower\image_0052.jpg,sunflower
.\101_ObjectCategories\Faces_easy\image_0257.jpg,Faces_easy
.\101_ObjectCategories\ketch\image_0065.jpg,ketch
.\101_ObjectCategories\crayfish\image_0059.jpg,crayfish
.\101_ObjectCategories\flamingo_head\image_0040.jpg,flamingo_head
.\101_ObjectCategories\cougar_body\image_0043.jpg,cougar_body
.\101_ObjectCategories\Faces_easy\image_0036.jpg,Faces_easy
.\101_ObjectCategories\accordion\image_0030.jpg,accordion
.\101_ObjectCategories\ketch\image_0090.jpg,ketch
.\101_ObjectCategories\gramophone\image_0043.jpg,gramophone
.\101_ObjectCategories\ketch\image_0113.jpg,ketch
.\101_ObjectCategories\mayfly\image_0028.jpg,mayfly
.\101_ObjectCategories\airplanes\image_0556.jpg,airplanes
.\101_ObjectCategories\Faces\image_0041.jpg,Faces
.\101_ObjectCategories\binocular\image_0031.jpg,binocular
.\101_ObjectCategories\airplanes\image_0654.jpg,airplanes
.\101_ObjectCategories\pyramid\image_0021.jpg,pyramid
.\101_ObjectCategories\flamingo_head\image_0016.jpg,flamingo_head
.\101_ObjectCategories\stegosaurus\image_0015.jpg,stegosaurus
.\101_ObjectCategories\soccer_ball\image_0049.jpg,soccer_ball
.\101_ObjectCategories\brain\image_0052.jpg,brain
.\101_ObjectCategories\airplanes\image_0193.jpg,airplanes
.\101_ObjectCategories\airplanes\image_0619.jpg,airplanes
.\101_ObjectCategories\pizza\image_0029.jpg,pizza
.\101_ObjectCategories\buddha\image_0065.jpg,buddha
.\101_ObjectCategories\airplanes\image_0311.jpg,airplanes
.\101_ObjectCategories\menorah\image_0021.jpg,menorah
.\101_ObjectCategories\cougar_body\image_0024.jpg,cougar_body
.\101_ObjectCategories\dollar_bill\image_0040.jpg,dollar_bill
.\101_ObjectCategories\Motorbikes\image_0156.jpg,Motorbikes
.\101_ObjectCategories\car_side\image_0110.jpg,car_side
.\101_ObjectCategories\brain\image_0029.jpg,brain
.\101_ObjectCategories\Motorbikes\image_0420.jpg,Motorbikes
.\101_ObjectCategories\mandolin\image_0042.jpg,mandolin
.\101_ObjectCategories\cellphone\image_0050.jpg,cellphone
.\101_ObjectCategories\snoopy\image_0014.jpg,snoopy
.\101_ObjectCategories\euphonium\image_0024.jpg,euphonium
.\101_ObjectCategories\okapi\image_0004.jpg,okapi
.\101_ObjectCategories\airplanes\image_0498.jpg,airplanes
.\101_ObjectCategories\airplanes\image_0334.jpg,airplanes
.\101_ObjectCategories\menorah\image_0081.jpg,menorah
.\101_ObjectCategories\Leopards\image_0101.jpg,Leopards
.\101_ObjectCategories\revolver\image_0052.jpg,revolver
.\101_ObjectCategories\buddha\image_0040.jpg,buddha
.\101_ObjectCategories\airplanes\image_0782.jpg,airplanes
.\101_ObjectCategories\platypus\image_0013.jpg,platypus
.\101_ObjectCategories\airplanes\image_0687.jpg,airplanes
.\101_ObjectCategories\mayfly\image_0040.jpg,mayfly
.\101_ObjectCategories\airplanes\image_0367.jpg,airplanes
.\101_ObjectCategories\elephant\image_0058.jpg,elephant
.\101_ObjectCategories\octopus\image_0021.jpg,octopus
.\101_ObjectCategories\umbrella\image_0016.jpg,umbrella
.\101_ObjectCategories\Faces_easy\image_0238.jpg,Faces_easy
.\101_ObjectCategories\binocular\image_0002.jpg,binocular
.\101_ObjectCategories\Leopards\image_0094.jpg,Leopards
.\101_ObjectCategories\Faces\image_0386.jpg,Faces
.\101_ObjectCategories\panda\image_0017.jpg,panda
.\101_ObjectCategories\anchor\image_0025.jpg,anchor
.\101_ObjectCategories\cup\image_0032.jpg,cup
.\101_ObjectCategories\butterfly\image_0015.jpg,butterfly
.\101_ObjectCategories\joshua_tree\image_0045.jpg,joshua_tree
.\101_ObjectCategories\joshua_tree\image_0042.jpg,joshua_tree
.\101_ObjectCategories\Faces_easy\image_0314.jpg,Faces_easy
.\101_ObjectCategories\rhino\image_0007.jpg,rhino
.\101_ObjectCategories\pyramid\image_0029.jpg,pyramid
.\101_ObjectCategories\car_side\image_0083.jpg,car_side
.\101_ObjectCategories\camera\image_0048.jpg,camera
.\101_ObjectCategories\Motorbikes\image_0175.jpg,Motorbikes
.\101_ObjectCategories\camera\image_0032.jpg,camera
.\101_ObjectCategories\helicopter\image_0086.jpg,helicopter
.\101_ObjectCategories\sea_horse\image_0035.jpg,sea_horse
.\101_ObjectCategories\okapi\image_0007.jpg,okapi
.\101_ObjectCategories\chandelier\image_0010.jpg,chandelier
.\101_ObjectCategories\elephant\image_0009.jpg,elephant
.\101_ObjectCategories\Faces\image_0364.jpg,Faces
.\101_ObjectCategories\kangaroo\image_0014.jpg,kangaroo
.\101_ObjectCategories\garfield\image_0027.jpg,garfield
.\101_ObjectCategories\electric_guitar\image_0041.jpg,electric_guitar
.\101_ObjectCategories\airplanes\image_0204.jpg,airplanes
.\101_ObjectCategories\wheelchair\image_0001.jpg,wheelchair
.\101_ObjectCategories\ibis\image_0027.jpg,ibis
.\101_ObjectCategories\Faces_easy\image_0192.jpg,Faces_easy
.\101_ObjectCategories\flamingo\image_0009.jpg,flamingo
.\101_ObjectCategories\wrench\image_0016.jpg,wrench
.\101_ObjectCategories\cup\image_0027.jpg,cup
.\101_ObjectCategories\airplanes\image_0076.jpg,airplanes
.\101_ObjectCategories\dollar_bill\image_0038.jpg,dollar_bill
.\101_ObjectCategories\dollar_bill\image_0050.jpg,dollar_bill
.\101_ObjectCategories\chandelier\image_0084.jpg,chandelier
.\101_ObjectCategories\Faces_easy\image_0264.jpg,Faces_easy
.\101_ObjectCategories\euphonium\image_0015.jpg,euphonium
.\101_ObjectCategories\Leopards\image_0180.jpg,Leopards
.\101_ObjectCategories\Faces\image_0051.jpg,Faces
.\101_ObjectCategories\cougar_face\image_0001.jpg,cougar_face
.\101_ObjectCategories\dolphin\image_0058.jpg,dolphin
.\101_ObjectCategories\Motorbikes\image_0783.jpg,Motorbikes
.\101_ObjectCategories\watch\image_0103.jpg,watch
.\101_ObjectCategories\pyramid\image_0030.jpg,pyramid
.\101_ObjectCategories\starfish\image_0060.jpg,starfish
.\101_ObjectCategories\flamingo\image_0013.jpg,flamingo
.\101_ObjectCategories\scorpion\image_0040.jpg,scorpion
.\101_ObjectCategories\Faces_easy\image_0337.jpg,Faces_easy
.\101_ObjectCategories\dalmatian\image_0066.jpg,dalmatian
.\101_ObjectCategories\Motorbikes\image_0078.jpg,Motorbikes
.\101_ObjectCategories\stegosaurus\image_0007.jpg,stegosaurus
.\101_ObjectCategories\bonsai\image_0067.jpg,bonsai
.\101_ObjectCategories\Motorbikes\image_0670.jpg,Motorbikes
.\101_ObjectCategories\airplanes\image_0282.jpg,airplanes
.\101_ObjectCategories\Motorbikes\image_0602.jpg,Motorbikes
.\101_ObjectCategories\windsor_chair\image_0038.jpg,windsor_chair
.\101_ObjectCategories\Motorbikes\image_0302.jpg,Motorbikes
.\101_ObjectCategories\stegosaurus\image_0006.jpg,stegosaurus
.\101_ObjectCategories\dalmatian\image_0059.jpg,dalmatian
.\101_ObjectCategories\soccer_ball\image_0005.jpg,soccer_ball
.\101_ObjectCategories\airplanes\image_0161.jpg,airplanes
.\101_ObjectCategories\grand_piano\image_0001.jpg,grand_piano
.\101_ObjectCategories\rhino\image_0013.jpg,rhino
.\101_ObjectCategories\airplanes\image_0345.jpg,airplanes
.\101_ObjectCategories\chandelier\image_0009.jpg,chandelier
.\101_ObjectCategories\trilobite\image_0020.jpg,trilobite
.\101_ObjectCategories\strawberry\image_0031.jpg,strawberry
.\101_ObjectCategories\menorah\image_0042.jpg,menorah
.\101_ObjectCategories\inline_skate\image_0007.jpg,inline_skate
.\101_ObjectCategories\Motorbikes\image_0436.jpg,Motorbikes
.\101_ObjectCategories\pagoda\image_0007.jpg,pagoda
.\101_ObjectCategories\crocodile_head\image_0047.jpg,crocodile_head
.\101_ObjectCategories\Faces_easy\image_0357.jpg,Faces_easy
.\101_ObjectCategories\Motorbikes\image_0305.jpg,Motorbikes
.\101_ObjectCategories\dolphin\image_0021.jpg,dolphin
.\101_ObjectCategories\binocular\image_0021.jpg,binocular
.\101_ObjectCategories\buddha\image_0002.jpg,buddha
.\101_ObjectCategories\Motorbikes\image_0309.jpg,Motorbikes
.\101_ObjectCategories\Faces\image_0435.jpg,Faces
.\101_ObjectCategories\Faces_easy\image_0185.jpg,Faces_easy
.\101_ObjectCategories\cellphone\image_0038.jpg,cellphone
.\101_ObjectCategories\llama\image_0039.jpg,llama
.\101_ObjectCategories\ketch\image_0008.jpg,ketch
.\101_ObjectCategories\lotus\image_0061.jpg,lotus
.\101_ObjectCategories\soccer_ball\image_0064.jpg,soccer_ball
.\101_ObjectCategories\dalmatian\image_0028.jpg,dalmatian
.\101_ObjectCategories\Faces\image_0131.jpg,Faces
.\101_ObjectCategories\Faces_easy\image_0258.jpg,Faces_easy
.\101_ObjectCategories\Leopards\image_0131.jpg,Leopards
.\101_ObjectCategories\Faces_easy\image_0380.jpg,Faces_easy
.\101_ObjectCategories\stapler\image_0002.jpg,stapler
.\101_ObjectCategories\buddha\image_0062.jpg,buddha
.\101_ObjectCategories\helicopter\image_0074.jpg,helicopter
.\101_ObjectCategories\gerenuk\image_0023.jpg,gerenuk
.\101_ObjectCategories\strawberry\image_0011.jpg,strawberry
.\101_ObjectCategories\starfish\image_0017.jpg,starfish
.\101_ObjectCategories\airplanes\image_0399.jpg,airplanes
.\101_ObjectCategories\Leopards\image_0006.jpg,Leopards
.\101_ObjectCategories\schooner\image_0021.jpg,schooner
.\101_ObjectCategories\flamingo_head\image_0022.jpg,flamingo_head
.\101_ObjectCategories\stop_sign\image_0044.jpg,stop_sign
.\101_ObjectCategories\stegosaurus\image_0041.jpg,stegosaurus
.\101_ObjectCategories\pyramid\image_0048.jpg,pyramid
.\101_ObjectCategories\joshua_tree\image_0040.jpg,joshua_tree
.\101_ObjectCategories\garfield\image_0014.jpg,garfield
.\101_ObjectCategories\dollar_bill\image_0036.jpg,dollar_bill
.\101_ObjectCategories\sunflower\image_0038.jpg,sunflower
.\101_ObjectCategories\euphonium\image_0036.jpg,euphonium
.\101_ObjectCategories\car_side\image_0014.jpg,car_side
.\101_ObjectCategories\mayfly\image_0035.jpg,mayfly
.\101_ObjectCategories\ibis\image_0063.jpg,ibis
.\101_ObjectCategories\airplanes\image_0003.jpg,airplanes
.\101_ObjectCategories\umbrella\image_0043.jpg,umbrella
.\101_ObjectCategories\crocodile\image_0037.jpg,crocodile
.\101_ObjectCategories\ketch\image_0070.jpg,ketch
.\101_ObjectCategories\Motorbikes\image_0114.jpg,Motorbikes
.\101_ObjectCategories\saxophone\image_0024.jpg,saxophone
.\101_ObjectCategories\watch\image_0029.jpg,watch
.\101_ObjectCategories\crab\image_0057.jpg,crab
.\101_ObjectCategories\airplanes\image_0303.jpg,airplanes
.\101_ObjectCategories\car_side\image_0072.jpg,car_side
.\101_ObjectCategories\crab\image_0049.jpg,crab
.\101_ObjectCategories\airplanes\image_0129.jpg,airplanes
.\101_ObjectCategories\llama\image_0044.jpg,llama
.\101_ObjectCategories\airplanes\image_0119.jpg,airplanes
.\101_ObjectCategories\sunflower\image_0018.jpg,sunflower
.\101_ObjectCategories\tick\image_0010.jpg,tick
.\101_ObjectCategories\bonsai\image_0034.jpg,bonsai
.\101_ObjectCategories\airplanes\image_0754.jpg,airplanes
.\101_ObjectCategories\Motorbikes\image_0476.jpg,Motorbikes
.\101_ObjectCategories\cougar_face\image_0066.jpg,cougar_face
.\101_ObjectCategories\camera\image_0047.jpg,camera
.\101_ObjectCategories\Leopards\image_0062.jpg,Leopards
.\101_ObjectCategories\starfish\image_0009.jpg,starfish
.\101_ObjectCategories\Leopards\image_0184.jpg,Leopards
.\101_ObjectCategories\binocular\image_0015.jpg,binocular
.\101_ObjectCategories\Motorbikes\image_0117.jpg,Motorbikes
.\101_ObjectCategories\euphonium\image_0031.jpg,euphonium
.\101_ObjectCategories\Leopards\image_0033.jpg,Leopards
.\101_ObjectCategories\airplanes\image_0217.jpg,airplanes
.\101_ObjectCategories\pagoda\image_0034.jpg,pagoda
.\101_ObjectCategories\car_side\image_0061.jpg,car_side
.\101_ObjectCategories\headphone\image_0040.jpg,headphone
.\101_ObjectCategories\soccer_ball\image_0040.jpg,soccer_ball
.\101_ObjectCategories\joshua_tree\image_0050.jpg,joshua_tree
.\101_ObjectCategories\airplanes\image_0688.jpg,airplanes
.\101_ObjectCategories\watch\image_0132.jpg,watch
.\101_ObjectCategories\accordion\image_0036.jpg,accordion
.\101_ObjectCategories\Faces_easy\image_0217.jpg,Faces_easy
.\101_ObjectCategories\scissors\image_0002.jpg,scissors
.\101_ObjectCategories\camera\image_0019.jpg,camera
.\101_ObjectCategories\hawksbill\image_0055.jpg,hawksbill
.\101_ObjectCategories\stop_sign\image_0004.jpg,stop_sign
.\101_ObjectCategories\dragonfly\image_0059.jpg,dragonfly
.\101_ObjectCategories\nautilus\image_0048.jpg,nautilus
.\101_ObjectCategories\buddha\image_0049.jpg,buddha
.\101_ObjectCategories\ceiling_fan\image_0026.jpg,ceiling_fan
.\101_ObjectCategories\yin_yang\image_0017.jpg,yin_yang
.\101_ObjectCategories\Faces_easy\image_0075.jpg,Faces_easy
.\101_ObjectCategories\bonsai\image_0020.jpg,bonsai
.\101_ObjectCategories\airplanes\image_0221.jpg,airplanes
.\101_ObjectCategories\umbrella\image_0015.jpg,umbrella
.\101_ObjectCategories\ferry\image_0038.jpg,ferry
.\101_ObjectCategories\minaret\image_0067.jpg,minaret
.\101_ObjectCategories\kangaroo\image_0045.jpg,kangaroo
.\101_ObjectCategories\bonsai\image_0073.jpg,bonsai
.\101_ObjectCategories\lotus\image_0050.jpg,lotus
.\101_ObjectCategories\flamingo\image_0017.jpg,flamingo
.\101_ObjectCategories\Motorbikes\image_0055.jpg,Motorbikes
.\101_ObjectCategories\elephant\image_0006.jpg,elephant
.\101_ObjectCategories\pyramid\image_0051.jpg,pyramid
.\101_ObjectCategories\rhino\image_0052.jpg,rhino
.\101_ObjectCategories\helicopter\image_0009.jpg,helicopter
.\101_ObjectCategories\butterfly\image_0037.jpg,butterfly
.\101_ObjectCategories\crab\image_0023.jpg,crab
.\101_ObjectCategories\crocodile_head\image_0010.jpg,crocodile_head
.\101_ObjectCategories\gerenuk\image_0001.jpg,gerenuk
.\101_ObjectCategories\airplanes\image_0336.jpg,airplanes
.\101_ObjectCategories\airplanes\image_0538.jpg,airplanes
.\101_ObjectCategories\lotus\image_0013.jpg,lotus
.\101_ObjectCategories\Faces\image_0338.jpg,Faces
.\101_ObjectCategories\airplanes\image_0107.jpg,airplanes
.\101_ObjectCategories\Faces\image_0351.jpg,Faces
.\101_ObjectCategories\metronome\image_0027.jpg,metronome
.\101_ObjectCategories\airplanes\image_0620.jpg,airplanes
.\101_ObjectCategories\dragonfly\image_0034.jpg,dragonfly
.\101_ObjectCategories\helicopter\image_0060.jpg,helicopter
.\101_ObjectCategories\joshua_tree\image_0049.jpg,joshua_tree
.\101_ObjectCategories\menorah\image_0019.jpg,menorah
.\101_ObjectCategories\chandelier\image_0005.jpg,chandelier
.\101_ObjectCategories\anchor\image_0024.jpg,anchor
.\101_ObjectCategories\watch\image_0228.jpg,watch
.\101_ObjectCategories\lotus\image_0047.jpg,lotus
.\101_ObjectCategories\windsor_chair\image_0020.jpg,windsor_chair
.\101_ObjectCategories\ewer\image_0046.jpg,ewer
.\101_ObjectCategories\emu\image_0012.jpg,emu
.\101_ObjectCategories\trilobite\image_0058.jpg,trilobite
.\101_ObjectCategories\Faces\image_0252.jpg,Faces
.\101_ObjectCategories\trilobite\image_0037.jpg,trilobite
.\101_ObjectCategories\accordion\image_0008.jpg,accordion
.\101_ObjectCategories\Motorbikes\image_0210.jpg,Motorbikes
.\101_ObjectCategories\cougar_body\image_0030.jpg,cougar_body
.\101_ObjectCategories\airplanes\image_0719.jpg,airplanes
.\101_ObjectCategories\Faces\image_0161.jpg,Faces
.\101_ObjectCategories\Motorbikes\image_0127.jpg,Motorbikes
.\101_ObjectCategories\Faces\image_0065.jpg,Faces
.\101_ObjectCategories\grand_piano\image_0027.jpg,grand_piano
.\101_ObjectCategories\airplanes\image_0793.jpg,airplanes
.\101_ObjectCategories\brain\image_0021.jpg,brain
.\101_ObjectCategories\lamp\image_0014.jpg,lamp
.\101_ObjectCategories\flamingo\image_0015.jpg,flamingo
.\101_ObjectCategories\cup\image_0022.jpg,cup
.\101_ObjectCategories\llama\image_0028.jpg,llama
.\101_ObjectCategories\Motorbikes\image_0789.jpg,Motorbikes
.\101_ObjectCategories\Leopards\image_0021.jpg,Leopards
.\101_ObjectCategories\stop_sign\image_0013.jpg,stop_sign
.\101_ObjectCategories\Faces\image_0423.jpg,Faces
.\101_ObjectCategories\rooster\image_0004.jpg,rooster
.\101_ObjectCategories\Faces_easy\image_0394.jpg,Faces_easy
.\101_ObjectCategories\Leopards\image_0112.jpg,Leopards
.\101_ObjectCategories\Motorbikes\image_0644.jpg,Motorbikes
.\101_ObjectCategories\laptop\image_0048.jpg,laptop
.\101_ObjectCategories\Leopards\image_0034.jpg,Leopards
.\101_ObjectCategories\hawksbill\image_0053.jpg,hawksbill
.\101_ObjectCategories\ewer\image_0050.jpg,ewer
.\101_ObjectCategories\brain\image_0015.jpg,brain
.\101_ObjectCategories\revolver\image_0076.jpg,revolver
.\101_ObjectCategories\starfish\image_0035.jpg,starfish
.\101_ObjectCategories\grand_piano\image_0072.jpg,grand_piano
.\101_ObjectCategories\gramophone\image_0032.jpg,gramophone
.\101_ObjectCategories\barrel\image_0046.jpg,barrel
.\101_ObjectCategories\kangaroo\image_0070.jpg,kangaroo
.\101_ObjectCategories\cougar_body\image_0036.jpg,cougar_body
.\101_ObjectCategories\pigeon\image_0017.jpg,pigeon
.\101_ObjectCategories\crab\image_0052.jpg,crab
.\101_ObjectCategories\Motorbikes\image_0475.jpg,Motorbikes
.\101_ObjectCategories\chair\image_0029.jpg,chair
.\101_ObjectCategories\trilobite\image_0008.jpg,trilobite
.\101_ObjectCategories\dragonfly\image_0036.jpg,dragonfly
.\101_ObjectCategories\mandolin\image_0023.jpg,mandolin
.\101_ObjectCategories\Motorbikes\image_0770.jpg,Motorbikes
.\101_ObjectCategories\crayfish\image_0006.jpg,crayfish
.\101_ObjectCategories\dragonfly\image_0055.jpg,dragonfly
.\101_ObjectCategories\pagoda\image_0004.jpg,pagoda
.\101_ObjectCategories\windsor_chair\image_0005.jpg,windsor_chair
.\101_ObjectCategories\garfield\image_0023.jpg,garfield
.\101_ObjectCategories\Motorbikes\image_0590.jpg,Motorbikes
.\101_ObjectCategories\binocular\image_0009.jpg,binocular
.\101_ObjectCategories\Motorbikes\image_0165.jpg,Motorbikes
.\101_ObjectCategories\ibis\image_0036.jpg,ibis
.\101_ObjectCategories\menorah\image_0073.jpg,menorah
.\101_ObjectCategories\airplanes\image_0184.jpg,airplanes
.\101_ObjectCategories\bonsai\image_0063.jpg,bonsai
.\101_ObjectCategories\watch\image_0223.jpg,watch
.\101_ObjectCategories\yin_yang\image_0018.jpg,yin_yang
.\101_ObjectCategories\minaret\image_0034.jpg,minaret
.\101_ObjectCategories\Faces_easy\image_0144.jpg,Faces_easy
.\101_ObjectCategories\Motorbikes\image_0229.jpg,Motorbikes
.\101_ObjectCategories\yin_yang\image_0027.jpg,yin_yang
.\101_ObjectCategories\Motorbikes\image_0661.jpg,Motorbikes
.\101_ObjectCategories\Motorbikes\image_0418.jpg,Motorbikes
.\101_ObjectCategories\headphone\image_0032.jpg,headphone
.\101_ObjectCategories\Faces_easy\image_0095.jpg,Faces_easy
.\101_ObjectCategories\chair\image_0024.jpg,chair
.\101_ObjectCategories\airplanes\image_0114.jpg,airplanes
.\101_ObjectCategories\ferry\image_0011.jpg,ferry
.\101_ObjectCategories\beaver\image_0032.jpg,beaver
.\101_ObjectCategories\dalmatian\image_0056.jpg,dalmatian
.\101_ObjectCategories\minaret\image_0025.jpg,minaret
.\101_ObjectCategories\hawksbill\image_0065.jpg,hawksbill
.\101_ObjectCategories\Faces\image_0271.jpg,Faces
.\101_ObjectCategories\car_side\image_0102.jpg,car_side
.\101_ObjectCategories\cellphone\image_0058.jpg,cellphone
.\101_ObjectCategories\cellphone\image_0054.jpg,cellphone
.\101_ObjectCategories\watch\image_0146.jpg,watch
.\101_ObjectCategories\Leopards\image_0004.jpg,Leopards
.\101_ObjectCategories\cougar_face\image_0035.jpg,cougar_face
.\101_ObjectCategories\tick\image_0036.jpg,tick
.\101_ObjectCategories\wrench\image_0005.jpg,wrench
.\101_ObjectCategories\ketch\image_0111.jpg,ketch
.\101_ObjectCategories\scissors\image_0026.jpg,scissors
.\101_ObjectCategories\sunflower\image_0064.jpg,sunflower
.\101_ObjectCategories\emu\image_0037.jpg,emu
.\101_ObjectCategories\ant\image_0020.jpg,ant
.\101_ObjectCategories\airplanes\image_0218.jpg,airplanes
.\101_ObjectCategories\menorah\image_0001.jpg,menorah
.\101_ObjectCategories\airplanes\image_0306.jpg,airplanes
.\101_ObjectCategories\airplanes\image_0069.jpg,airplanes
.\101_ObjectCategories\strawberry\image_0002.jpg,strawberry
.\101_ObjectCategories\platypus\image_0007.jpg,platypus
.\101_ObjectCategories\flamingo_head\image_0008.jpg,flamingo_head
.\101_ObjectCategories\mayfly\image_0025.jpg,mayfly
.\101_ObjectCategories\lobster\image_0025.jpg,lobster
.\101_ObjectCategories\crocodile\image_0014.jpg,crocodile
.\101_ObjectCategories\Motorbikes\image_0711.jpg,Motorbikes
.\101_ObjectCategories\tick\image_0034.jpg,tick
.\101_ObjectCategories\airplanes\image_0287.jpg,airplanes
.\101_ObjectCategories\Faces_easy\image_0336.jpg,Faces_easy
.\101_ObjectCategories\octopus\image_0002.jpg,octopus
.\101_ObjectCategories\revolver\image_0061.jpg,revolver
.\101_ObjectCategories\watch\image_0179.jpg,watch
.\101_ObjectCategories\stapler\image_0009.jpg,stapler
.\101_ObjectCategories\tick\image_0021.jpg,tick
.\101_ObjectCategories\starfish\image_0012.jpg,starfish
.\101_ObjectCategories\revolver\image_0082.jpg,revolver
.\101_ObjectCategories\airplanes\image_0779.jpg,airplanes
.\101_ObjectCategories\octopus\image_0004.jpg,octopus
.\101_ObjectCategories\brontosaurus\image_0042.jpg,brontosaurus
.\101_ObjectCategories\ewer\image_0014.jpg,ewer
.\101_ObjectCategories\ant\image_0011.jpg,ant
.\101_ObjectCategories\elephant\image_0021.jpg,elephant
.\101_ObjectCategories\sunflower\image_0044.jpg,sunflower
.\101_ObjectCategories\ketch\image_0081.jpg,ketch
.\101_ObjectCategories\watch\image_0186.jpg,watch
.\101_ObjectCategories\yin_yang\image_0019.jpg,yin_yang
.\101_ObjectCategories\airplanes\image_0632.jpg,airplanes
.\101_ObjectCategories\cannon\image_0016.jpg,cannon
.\101_ObjectCategories\joshua_tree\image_0054.jpg,joshua_tree
.\101_ObjectCategories\Faces\image_0002.jpg,Faces
.\101_ObjectCategories\pigeon\image_0026.jpg,pigeon
.\101_ObjectCategories\airplanes\image_0267.jpg,airplanes
.\101_ObjectCategories\watch\image_0212.jpg,watch
.\101_ObjectCategories\dollar_bill\image_0028.jpg,dollar_bill
.\101_ObjectCategories\stop_sign\image_0035.jpg,stop_sign
.\101_ObjectCategories\metronome\image_0030.jpg,metronome
.\101_ObjectCategories\Faces_easy\image_0043.jpg,Faces_easy
.\101_ObjectCategories\Motorbikes\image_0244.jpg,Motorbikes
.\101_ObjectCategories\platypus\image_0022.jpg,platypus
.\101_ObjectCategories\mayfly\image_0006.jpg,mayfly
.\101_ObjectCategories\stegosaurus\image_0044.jpg,stegosaurus
.\101_ObjectCategories\garfield\image_0026.jpg,garfield
.\101_ObjectCategories\schooner\image_0060.jpg,schooner
.\101_ObjectCategories\laptop\image_0031.jpg,laptop
.\101_ObjectCategories\cannon\image_0012.jpg,cannon
.\101_ObjectCategories\ferry\image_0034.jpg,ferry
.\101_ObjectCategories\minaret\image_0063.jpg,minaret
.\101_ObjectCategories\airplanes\image_0697.jpg,airplanes
.\101_ObjectCategories\pizza\image_0014.jpg,pizza
.\101_ObjectCategories\wheelchair\image_0030.jpg,wheelchair
.\101_ObjectCategories\cup\image_0034.jpg,cup
.\101_ObjectCategories\trilobite\image_0010.jpg,trilobite
.\101_ObjectCategories\cougar_face\image_0061.jpg,cougar_face
.\101_ObjectCategories\cougar_face\image_0050.jpg,cougar_face
.\101_ObjectCategories\bonsai\image_0015.jpg,bonsai
.\101_ObjectCategories\buddha\image_0016.jpg,buddha
.\101_ObjectCategories\stop_sign\image_0025.jpg,stop_sign
.\101_ObjectCategories\Motorbikes\image_0424.jpg,Motorbikes
.\101_ObjectCategories\nautilus\image_0018.jpg,nautilus
.\101_ObjectCategories\helicopter\image_0023.jpg,helicopter
.\101_ObjectCategories\accordion\image_0026.jpg,accordion
.\101_ObjectCategories\Faces_easy\image_0090.jpg,Faces_easy
.\101_ObjectCategories\car_side\image_0016.jpg,car_side
.\101_ObjectCategories\dalmatian\image_0019.jpg,dalmatian
.\101_ObjectCategories\Faces_easy\image_0242.jpg,Faces_easy
.\101_ObjectCategories\watch\image_0209.jpg,watch
.\101_ObjectCategories\stapler\image_0019.jpg,stapler
.\101_ObjectCategories\Motorbikes\image_0202.jpg,Motorbikes
.\101_ObjectCategories\umbrella\image_0041.jpg,umbrella
.\101_ObjectCategories\airplanes\image_0691.jpg,airplanes
.\101_ObjectCategories\pagoda\image_0030.jpg,pagoda
.\101_ObjectCategories\platypus\image_0028.jpg,platypus
.\101_ObjectCategories\mandolin\image_0041.jpg,mandolin
.\101_ObjectCategories\crab\image_0072.jpg,crab
.\101_ObjectCategories\Motorbikes\image_0361.jpg,Motorbikes
.\101_ObjectCategories\airplanes\image_0216.jpg,airplanes
.\101_ObjectCategories\Faces\image_0021.jpg,Faces
.\101_ObjectCategories\buddha\image_0024.jpg,buddha
.\101_ObjectCategories\Faces\image_0055.jpg,Faces
.\101_ObjectCategories\Motorbikes\image_0133.jpg,Motorbikes
.\101_ObjectCategories\butterfly\image_0059.jpg,butterfly
.\101_ObjectCategories\pizza\image_0038.jpg,pizza
.\101_ObjectCategories\electric_guitar\image_0071.jpg,electric_guitar
.\101_ObjectCategories\Motorbikes\image_0283.jpg,Motorbikes
.\101_ObjectCategories\Faces\image_0053.jpg,Faces
.\101_ObjectCategories\elephant\image_0028.jpg,elephant
.\101_ObjectCategories\chair\image_0043.jpg,chair
.\101_ObjectCategories\rooster\image_0049.jpg,rooster
.\101_ObjectCategories\lamp\image_0025.jpg,lamp
.\101_ObjectCategories\lamp\image_0054.jpg,lamp
.\101_ObjectCategories\wrench\image_0013.jpg,wrench
.\101_ObjectCategories\ferry\image_0020.jpg,ferry
.\101_ObjectCategories\llama\image_0032.jpg,llama
.\101_ObjectCategories\rooster\image_0042.jpg,rooster
.\101_ObjectCategories\lotus\image_0019.jpg,lotus
.\101_ObjectCategories\pagoda\image_0006.jpg,pagoda
.\101_ObjectCategories\Faces\image_0360.jpg,Faces
.\101_ObjectCategories\cup\image_0010.jpg,cup
.\101_ObjectCategories\trilobite\image_0036.jpg,trilobite
.\101_ObjectCategories\wheelchair\image_0018.jpg,wheelchair
.\101_ObjectCategories\cup\image_0015.jpg,cup
.\101_ObjectCategories\Motorbikes\image_0719.jpg,Motorbikes
.\101_ObjectCategories\Faces_easy\image_0093.jpg,Faces_easy
.\101_ObjectCategories\minaret\image_0006.jpg,minaret
.\101_ObjectCategories\Motorbikes\image_0324.jpg,Motorbikes
.\101_ObjectCategories\Faces\image_0175.jpg,Faces
.\101_ObjectCategories\crocodile_head\image_0041.jpg,crocodile_head
.\101_ObjectCategories\brain\image_0093.jpg,brain
.\101_ObjectCategories\Leopards\image_0152.jpg,Leopards
.\101_ObjectCategories\snoopy\image_0035.jpg,snoopy
.\101_ObjectCategories\yin_yang\image_0059.jpg,yin_yang
.\101_ObjectCategories\barrel\image_0022.jpg,barrel
.\101_ObjectCategories\brain\image_0045.jpg,brain
.\101_ObjectCategories\chandelier\image_0096.jpg,chandelier
.\101_ObjectCategories\strawberry\image_0013.jpg,strawberry
.\101_ObjectCategories\nautilus\image_0006.jpg,nautilus
.\101_ObjectCategories\pyramid\image_0053.jpg,pyramid
.\101_ObjectCategories\Motorbikes\image_0550.jpg,Motorbikes
.\101_ObjectCategories\scorpion\image_0009.jpg,scorpion
.\101_ObjectCategories\Leopards\image_0146.jpg,Leopards
.\101_ObjectCategories\tick\image_0006.jpg,tick
.\101_ObjectCategories\gerenuk\image_0031.jpg,gerenuk
.\101_ObjectCategories\airplanes\image_0151.jpg,airplanes
.\101_ObjectCategories\sunflower\image_0042.jpg,sunflower
.\101_ObjectCategories\euphonium\image_0022.jpg,euphonium
.\101_ObjectCategories\Motorbikes\image_0137.jpg,Motorbikes
.\101_ObjectCategories\kangaroo\image_0061.jpg,kangaroo
.\101_ObjectCategories\trilobite\image_0029.jpg,trilobite
.\101_ObjectCategories\Faces\image_0242.jpg,Faces
.\101_ObjectCategories\Faces\image_0421.jpg,Faces
.\101_ObjectCategories\tick\image_0031.jpg,tick
.\101_ObjectCategories\chair\image_0038.jpg,chair
.\101_ObjectCategories\camera\image_0006.jpg,camera
.\101_ObjectCategories\ceiling_fan\image_0027.jpg,ceiling_fan
.\101_ObjectCategories\lamp\image_0026.jpg,lamp
.\101_ObjectCategories\beaver\image_0006.jpg,beaver
.\101_ObjectCategories\rhino\image_0012.jpg,rhino
.\101_ObjectCategories\car_side\image_0077.jpg,car_side
.\101_ObjectCategories\airplanes\image_0185.jpg,airplanes
.\101_ObjectCategories\airplanes\image_0601.jpg,airplanes
.\101_ObjectCategories\cellphone\image_0036.jpg,cellphone
.\101_ObjectCategories\llama\image_0022.jpg,llama
.\101_ObjectCategories\car_side\image_0060.jpg,car_side
.\101_ObjectCategories\revolver\image_0054.jpg,revolver
.\101_ObjectCategories\Faces_easy\image_0218.jpg,Faces_easy
.\101_ObjectCategories\pagoda\image_0023.jpg,pagoda
.\101_ObjectCategories\airplanes\image_0294.jpg,airplanes
.\101_ObjectCategories\nautilus\image_0031.jpg,nautilus
.\101_ObjectCategories\Motorbikes\image_0288.jpg,Motorbikes
.\101_ObjectCategories\flamingo_head\image_0038.jpg,flamingo_head
.\101_ObjectCategories\watch\image_0206.jpg,watch
.\101_ObjectCategories\umbrella\image_0007.jpg,umbrella
.\101_ObjectCategories\Motorbikes\image_0701.jpg,Motorbikes
.\101_ObjectCategories\ferry\image_0019.jpg,ferry
.\101_ObjectCategories\crayfish\image_0063.jpg,crayfish
.\101_ObjectCategories\accordion\image_0035.jpg,accordion
.\101_ObjectCategories\laptop\image_0016.jpg,laptop
.\101_ObjectCategories\laptop\image_0046.jpg,laptop
.\101_ObjectCategories\garfield\image_0008.jpg,garfield
.\101_ObjectCategories\joshua_tree\image_0027.jpg,joshua_tree
.\101_ObjectCategories\Motorbikes\image_0435.jpg,Motorbikes
.\101_ObjectCategories\flamingo\image_0042.jpg,flamingo
.\101_ObjectCategories\butterfly\image_0035.jpg,butterfly
.\101_ObjectCategories\Leopards\image_0070.jpg,Leopards
.\101_ObjectCategories\grand_piano\image_0088.jpg,grand_piano
.\101_ObjectCategories\car_side\image_0099.jpg,car_side
.\101_ObjectCategories\airplanes\image_0019.jpg,airplanes
.\101_ObjectCategories\Motorbikes\image_0501.jpg,Motorbikes
.\101_ObjectCategories\wheelchair\image_0029.jpg,wheelchair
.\101_ObjectCategories\wild_cat\image_0002.jpg,wild_cat
.\101_ObjectCategories\airplanes\image_0428.jpg,airplanes
.\101_ObjectCategories\okapi\image_0039.jpg,okapi
.\101_ObjectCategories\Motorbikes\image_0318.jpg,Motorbikes
.\101_ObjectCategories\Faces_easy\image_0341.jpg,Faces_easy
.\101_ObjectCategories\stop_sign\image_0040.jpg,stop_sign
.\101_ObjectCategories\octopus\image_0033.jpg,octopus
.\101_ObjectCategories\butterfly\image_0064.jpg,butterfly
.\101_ObjectCategories\okapi\image_0036.jpg,okapi
.\101_ObjectCategories\Faces_easy\image_0246.jpg,Faces_easy
.\101_ObjectCategories\laptop\image_0032.jpg,laptop
.\101_ObjectCategories\Motorbikes\image_0732.jpg,Motorbikes
.\101_ObjectCategories\starfish\image_0030.jpg,starfish
.\101_ObjectCategories\Faces\image_0014.jpg,Faces
.\101_ObjectCategories\Motorbikes\image_0371.jpg,Motorbikes
.\101_ObjectCategories\ketch\image_0053.jpg,ketch
.\101_ObjectCategories\Faces\image_0373.jpg,Faces
.\101_ObjectCategories\Motorbikes\image_0007.jpg,Motorbikes
.\101_ObjectCategories\cougar_face\image_0053.jpg,cougar_face
.\101_ObjectCategories\tick\image_0046.jpg,tick
.\101_ObjectCategories\airplanes\image_0147.jpg,airplanes
.\101_ObjectCategories\airplanes\image_0786.jpg,airplanes
.\101_ObjectCategories\rhino\image_0036.jpg,rhino
.\101_ObjectCategories\sunflower\image_0048.jpg,sunflower
.\101_ObjectCategories\sea_horse\image_0027.jpg,sea_horse
.\101_ObjectCategories\ewer\image_0015.jpg,ewer
.\101_ObjectCategories\dalmatian\image_0029.jpg,dalmatian
.\101_ObjectCategories\umbrella\image_0054.jpg,umbrella
.\101_ObjectCategories\Motorbikes\image_0660.jpg,Motorbikes
.\101_ObjectCategories\crab\image_0005.jpg,crab
.\101_ObjectCategories\Motorbikes\image_0386.jpg,Motorbikes
.\101_ObjectCategories\yin_yang\image_0046.jpg,yin_yang
.\101_ObjectCategories\sunflower\image_0022.jpg,sunflower
.\101_ObjectCategories\Faces_easy\image_0431.jpg,Faces_easy
.\101_ObjectCategories\brontosaurus\image_0033.jpg,brontosaurus
.\101_ObjectCategories\hedgehog\image_0038.jpg,hedgehog
.\101_ObjectCategories\Motorbikes\image_0001.jpg,Motorbikes
.\101_ObjectCategories\ewer\image_0022.jpg,ewer
.\101_ObjectCategories\Faces_easy\image_0044.jpg,Faces_easy
.\101_ObjectCategories\Faces\image_0280.jpg,Faces
.\101_ObjectCategories\mandolin\image_0032.jpg,mandolin
.\101_ObjectCategories\Motorbikes\image_0087.jpg,Motorbikes
.\101_ObjectCategories\ketch\image_0110.jpg,ketch
.\101_ObjectCategories\brontosaurus\image_0002.jpg,brontosaurus
.\101_ObjectCategories\airplanes\image_0121.jpg,airplanes
.\101_ObjectCategories\helicopter\image_0080.jpg,helicopter
.\101_ObjectCategories\Motorbikes\image_0360.jpg,Motorbikes
.\101_ObjectCategories\dollar_bill\image_0037.jpg,dollar_bill
.\101_ObjectCategories\ceiling_fan\image_0025.jpg,ceiling_fan
.\101_ObjectCategories\Faces\image_0059.jpg,Faces
.\101_ObjectCategories\yin_yang\image_0009.jpg,yin_yang
.\101_ObjectCategories\Motorbikes\image_0144.jpg,Motorbikes
.\101_ObjectCategories\Leopards\image_0059.jpg,Leopards
.\101_ObjectCategories\dragonfly\image_0047.jpg,dragonfly
.\101_ObjectCategories\airplanes\image_0407.jpg,airplanes
.\101_ObjectCategories\umbrella\image_0065.jpg,umbrella
.\101_ObjectCategories\pizza\image_0005.jpg,pizza
.\101_ObjectCategories\crocodile\image_0003.jpg,crocodile
.\101_ObjectCategories\airplanes\image_0397.jpg,airplanes
.\101_ObjectCategories\hedgehog\image_0018.jpg,hedgehog
.\101_ObjectCategories\schooner\image_0047.jpg,schooner
.\101_ObjectCategories\stapler\image_0044.jpg,stapler
.\101_ObjectCategories\dolphin\image_0052.jpg,dolphin
.\101_ObjectCategories\ketch\image_0096.jpg,ketch
.\101_ObjectCategories\crocodile_head\image_0029.jpg,crocodile_head
.\101_ObjectCategories\crayfish\image_0039.jpg,crayfish
.\101_ObjectCategories\Leopards\image_0109.jpg,Leopards
.\101_ObjectCategories\rhino\image_0006.jpg,rhino
.\101_ObjectCategories\pagoda\image_0003.jpg,pagoda
.\101_ObjectCategories\flamingo\image_0022.jpg,flamingo
.\101_ObjectCategories\car_side\image_0004.jpg,car_side
.\101_ObjectCategories\lobster\image_0039.jpg,lobster
.\101_ObjectCategories\windsor_chair\image_0056.jpg,windsor_chair
.\101_ObjectCategories\Motorbikes\image_0537.jpg,Motorbikes
.\101_ObjectCategories\airplanes\image_0589.jpg,airplanes
.\101_ObjectCategories\schooner\image_0050.jpg,schooner
.\101_ObjectCategories\ewer\image_0080.jpg,ewer
.\101_ObjectCategories\car_side\image_0075.jpg,car_side
.\101_ObjectCategories\tick\image_0038.jpg,tick
.\101_ObjectCategories\Motorbikes\image_0313.jpg,Motorbikes
.\101_ObjectCategories\cup\image_0003.jpg,cup
.\101_ObjectCategories\butterfly\image_0006.jpg,butterfly
.\101_ObjectCategories\brain\image_0004.jpg,brain
.\101_ObjectCategories\sea_horse\image_0049.jpg,sea_horse
.\101_ObjectCategories\Motorbikes\image_0502.jpg,Motorbikes
.\101_ObjectCategories\panda\image_0031.jpg,panda
.\101_ObjectCategories\Faces\image_0277.jpg,Faces
.\101_ObjectCategories\watch\image_0137.jpg,watch
.\101_ObjectCategories\Motorbikes\image_0363.jpg,Motorbikes
.\101_ObjectCategories\lobster\image_0014.jpg,lobster
.\101_ObjectCategories\Motorbikes\image_0194.jpg,Motorbikes
.\101_ObjectCategories\cougar_body\image_0001.jpg,cougar_body
.\101_ObjectCategories\Faces_easy\image_0215.jpg,Faces_easy
.\101_ObjectCategories\airplanes\image_0300.jpg,airplanes
.\101_ObjectCategories\Leopards\image_0064.jpg,Leopards
.\101_ObjectCategories\Faces\image_0049.jpg,Faces
.\101_ObjectCategories\crayfish\image_0065.jpg,crayfish
.\101_ObjectCategories\electric_guitar\image_0053.jpg,electric_guitar
.\101_ObjectCategories\stegosaurus\image_0004.jpg,stegosaurus
.\101_ObjectCategories\umbrella\image_0011.jpg,umbrella
.\101_ObjectCategories\ewer\image_0071.jpg,ewer
.\101_ObjectCategories\Motorbikes\image_0431.jpg,Motorbikes
.\101_ObjectCategories\Motorbikes\image_0643.jpg,Motorbikes
.\101_ObjectCategories\Motorbikes\image_0096.jpg,Motorbikes
.\101_ObjectCategories\Faces\image_0260.jpg,Faces
.\101_ObjectCategories\kangaroo\image_0076.jpg,kangaroo
.\101_ObjectCategories\car_side\image_0017.jpg,car_side
.\101_ObjectCategories\Faces_easy\image_0220.jpg,Faces_easy
.\101_ObjectCategories\watch\image_0069.jpg,watch
.\101_ObjectCategories\inline_skate\image_0031.jpg,inline_skate
.\101_ObjectCategories\Motorbikes\image_0469.jpg,Motorbikes
.\101_ObjectCategories\inline_skate\image_0016.jpg,inline_skate
.\101_ObjectCategories\anchor\image_0041.jpg,anchor
.\101_ObjectCategories\watch\image_0234.jpg,watch
.\101_ObjectCategories\accordion\image_0033.jpg,accordion
.\101_ObjectCategories\watch\image_0009.jpg,watch
.\101_ObjectCategories\tick\image_0003.jpg,tick
.\101_ObjectCategories\Faces_easy\image_0340.jpg,Faces_easy
.\101_ObjectCategories\airplanes\image_0450.jpg,airplanes
.\101_ObjectCategories\airplanes\image_0343.jpg,airplanes
.\101_ObjectCategories\llama\image_0066.jpg,llama
.\101_ObjectCategories\chair\image_0020.jpg,chair
.\101_ObjectCategories\grand_piano\image_0031.jpg,grand_piano
.\101_ObjectCategories\Faces_easy\image_0325.jpg,Faces_easy
.\101_ObjectCategories\flamingo_head\image_0034.jpg,flamingo_head
.\101_ObjectCategories\revolver\image_0049.jpg,revolver
.\101_ObjectCategories\airplanes\image_0638.jpg,airplanes
.\101_ObjectCategories\Faces_easy\image_0249.jpg,Faces_easy
.\101_ObjectCategories\stop_sign\image_0031.jpg,stop_sign
.\101_ObjectCategories\airplanes\image_0693.jpg,airplanes
.\101_ObjectCategories\butterfly\image_0068.jpg,butterfly
.\101_ObjectCategories\chandelier\image_0045.jpg,chandelier
.\101_ObjectCategories\lotus\image_0011.jpg,lotus
.\101_ObjectCategories\Motorbikes\image_0147.jpg,Motorbikes
.\101_ObjectCategories\Faces\image_0139.jpg,Faces
.\101_ObjectCategories\pyramid\image_0018.jpg,pyramid
.\101_ObjectCategories\Faces\image_0089.jpg,Faces
.\101_ObjectCategories\binocular\image_0012.jpg,binocular
.\101_ObjectCategories\metronome\image_0020.jpg,metronome
.\101_ObjectCategories\airplanes\image_0021.jpg,airplanes
.\101_ObjectCategories\Motorbikes\image_0429.jpg,Motorbikes
.\101_ObjectCategories\emu\image_0020.jpg,emu
.\101_ObjectCategories\rooster\image_0018.jpg,rooster
.\101_ObjectCategories\Faces\image_0022.jpg,Faces
.\101_ObjectCategories\strawberry\image_0007.jpg,strawberry
.\101_ObjectCategories\schooner\image_0033.jpg,schooner
.\101_ObjectCategories\Faces\image_0092.jpg,Faces
.\101_ObjectCategories\airplanes\image_0588.jpg,airplanes
.\101_ObjectCategories\ceiling_fan\image_0021.jpg,ceiling_fan
.\101_ObjectCategories\revolver\image_0025.jpg,revolver
.\101_ObjectCategories\cougar_face\image_0045.jpg,cougar_face
.\101_ObjectCategories\Motorbikes\image_0662.jpg,Motorbikes
.\101_ObjectCategories\cougar_face\image_0018.jpg,cougar_face
.\101_ObjectCategories\barrel\image_0042.jpg,barrel
.\101_ObjectCategories\grand_piano\image_0016.jpg,grand_piano
.\101_ObjectCategories\windsor_chair\image_0025.jpg,windsor_chair
.\101_ObjectCategories\inline_skate\image_0021.jpg,inline_skate
.\101_ObjectCategories\ketch\image_0058.jpg,ketch
.\101_ObjectCategories\scissors\image_0007.jpg,scissors
.\101_ObjectCategories\rooster\image_0021.jpg,rooster
.\101_ObjectCategories\water_lilly\image_0009.jpg,water_lilly
.\101_ObjectCategories\cougar_body\image_0039.jpg,cougar_body
.\101_ObjectCategories\lotus\image_0012.jpg,lotus
.\101_ObjectCategories\brontosaurus\image_0041.jpg,brontosaurus
.\101_ObjectCategories\Motorbikes\image_0772.jpg,Motorbikes
.\101_ObjectCategories\mandolin\image_0043.jpg,mandolin
.\101_ObjectCategories\ferry\image_0063.jpg,ferry
.\101_ObjectCategories\sea_horse\image_0038.jpg,sea_horse
.\101_ObjectCategories\Faces_easy\image_0115.jpg,Faces_easy
.\101_ObjectCategories\electric_guitar\image_0075.jpg,electric_guitar
.\101_ObjectCategories\Faces\image_0345.jpg,Faces
.\101_ObjectCategories\airplanes\image_0610.jpg,airplanes
.\101_ObjectCategories\airplanes\image_0704.jpg,airplanes
.\101_ObjectCategories\Faces_easy\image_0177.jpg,Faces_easy
.\101_ObjectCategories\binocular\image_0024.jpg,binocular
.\101_ObjectCategories\watch\image_0177.jpg,watch
.\101_ObjectCategories\cannon\image_0042.jpg,cannon
.\101_ObjectCategories\butterfly\image_0030.jpg,butterfly
.\101_ObjectCategories\gerenuk\image_0020.jpg,gerenuk
.\101_ObjectCategories\saxophone\image_0010.jpg,saxophone
.\101_ObjectCategories\chandelier\image_0050.jpg,chandelier
.\101_ObjectCategories\laptop\image_0047.jpg,laptop
.\101_ObjectCategories\pigeon\image_0010.jpg,pigeon
.\101_ObjectCategories\brain\image_0026.jpg,brain
.\101_ObjectCategories\Leopards\image_0068.jpg,Leopards
.\101_ObjectCategories\hedgehog\image_0039.jpg,hedgehog
.\101_ObjectCategories\Faces\image_0157.jpg,Faces
.\101_ObjectCategories\stapler\image_0017.jpg,stapler
.\101_ObjectCategories\Motorbikes\image_0567.jpg,Motorbikes
.\101_ObjectCategories\Motorbikes\image_0141.jpg,Motorbikes
.\101_ObjectCategories\chandelier\image_0015.jpg,chandelier
.\101_ObjectCategories\schooner\image_0035.jpg,schooner
.\101_ObjectCategories\Faces\image_0400.jpg,Faces
.\101_ObjectCategories\starfish\image_0023.jpg,starfish
.\101_ObjectCategories\buddha\image_0003.jpg,buddha
.\101_ObjectCategories\kangaroo\image_0034.jpg,kangaroo
.\101_ObjectCategories\Motorbikes\image_0075.jpg,Motorbikes
.\101_ObjectCategories\Faces_easy\image_0253.jpg,Faces_easy
.\101_ObjectCategories\dolphin\image_0064.jpg,dolphin
.\101_ObjectCategories\cougar_face\image_0027.jpg,cougar_face
.\101_ObjectCategories\schooner\image_0034.jpg,schooner
.\101_ObjectCategories\car_side\image_0034.jpg,car_side
.\101_ObjectCategories\umbrella\image_0023.jpg,umbrella
.\101_ObjectCategories\chandelier\image_0071.jpg,chandelier
.\101_ObjectCategories\Faces\image_0388.jpg,Faces
.\101_ObjectCategories\rooster\image_0034.jpg,rooster
.\101_ObjectCategories\pizza\image_0016.jpg,pizza
.\101_ObjectCategories\grand_piano\image_0076.jpg,grand_piano
.\101_ObjectCategories\schooner\image_0002.jpg,schooner
.\101_ObjectCategories\pigeon\image_0028.jpg,pigeon
.\101_ObjectCategories\soccer_ball\image_0030.jpg,soccer_ball
.\101_ObjectCategories\trilobite\image_0046.jpg,trilobite
.\101_ObjectCategories\revolver\image_0007.jpg,revolver
.\101_ObjectCategories\crayfish\image_0051.jpg,crayfish
.\101_ObjectCategories\hedgehog\image_0010.jpg,hedgehog
.\101_ObjectCategories\hawksbill\image_0002.jpg,hawksbill
.\101_ObjectCategories\wrench\image_0036.jpg,wrench
.\101_ObjectCategories\Motorbikes\image_0758.jpg,Motorbikes
.\101_ObjectCategories\soccer_ball\image_0017.jpg,soccer_ball
.\101_ObjectCategories\grand_piano\image_0063.jpg,grand_piano
.\101_ObjectCategories\Motorbikes\image_0218.jpg,Motorbikes
.\101_ObjectCategories\ibis\image_0020.jpg,ibis
.\101_ObjectCategories\Motorbikes\image_0561.jpg,Motorbikes
.\101_ObjectCategories\ibis\image_0055.jpg,ibis
.\101_ObjectCategories\Faces\image_0217.jpg,Faces
.\101_ObjectCategories\scorpion\image_0068.jpg,scorpion
.\101_ObjectCategories\stop_sign\image_0056.jpg,stop_sign
.\101_ObjectCategories\bonsai\image_0038.jpg,bonsai
.\101_ObjectCategories\umbrella\image_0039.jpg,umbrella
.\101_ObjectCategories\laptop\image_0037.jpg,laptop
.\101_ObjectCategories\scorpion\image_0054.jpg,scorpion
.\101_ObjectCategories\bonsai\image_0025.jpg,bonsai
.\101_ObjectCategories\wild_cat\image_0007.jpg,wild_cat
.\101_ObjectCategories\laptop\image_0004.jpg,laptop
.\101_ObjectCategories\mandolin\image_0013.jpg,mandolin
.\101_ObjectCategories\dolphin\image_0024.jpg,dolphin
.\101_ObjectCategories\cup\image_0053.jpg,cup
.\101_ObjectCategories\Faces\image_0162.jpg,Faces
.\101_ObjectCategories\Motorbikes\image_0182.jpg,Motorbikes
.\101_ObjectCategories\joshua_tree\image_0043.jpg,joshua_tree
.\101_ObjectCategories\headphone\image_0035.jpg,headphone
.\101_ObjectCategories\dalmatian\image_0025.jpg,dalmatian
.\101_ObjectCategories\kangaroo\image_0077.jpg,kangaroo
.\101_ObjectCategories\okapi\image_0033.jpg,okapi
.\101_ObjectCategories\pyramid\image_0050.jpg,pyramid
.\101_ObjectCategories\crab\image_0045.jpg,crab
.\101_ObjectCategories\lotus\image_0064.jpg,lotus
.\101_ObjectCategories\headphone\image_0001.jpg,headphone
.\101_ObjectCategories\Leopards\image_0025.jpg,Leopards
.\101_ObjectCategories\barrel\image_0034.jpg,barrel
.\101_ObjectCategories\buddha\image_0035.jpg,buddha
.\101_ObjectCategories\dollar_bill\image_0015.jpg,dollar_bill
.\101_ObjectCategories\crocodile_head\image_0018.jpg,crocodile_head
.\101_ObjectCategories\barrel\image_0006.jpg,barrel
.\101_ObjectCategories\wrench\image_0022.jpg,wrench
.\101_ObjectCategories\Faces\image_0340.jpg,Faces
.\101_ObjectCategories\starfish\image_0027.jpg,starfish
.\101_ObjectCategories\airplanes\image_0143.jpg,airplanes
.\101_ObjectCategories\Faces_easy\image_0023.jpg,Faces_easy
.\101_ObjectCategories\Motorbikes\image_0342.jpg,Motorbikes
.\101_ObjectCategories\platypus\image_0023.jpg,platypus
.\101_ObjectCategories\cannon\image_0002.jpg,cannon
.\101_ObjectCategories\minaret\image_0017.jpg,minaret
.\101_ObjectCategories\helicopter\image_0014.jpg,helicopter
.\101_ObjectCategories\metronome\image_0022.jpg,metronome
.\101_ObjectCategories\Motorbikes\image_0161.jpg,Motorbikes
.\101_ObjectCategories\crab\image_0067.jpg,crab
.\101_ObjectCategories\ibis\image_0047.jpg,ibis
.\101_ObjectCategories\Motorbikes\image_0443.jpg,Motorbikes
.\101_ObjectCategories\airplanes\image_0757.jpg,airplanes
.\101_ObjectCategories\watch\image_0171.jpg,watch
.\101_ObjectCategories\minaret\image_0007.jpg,minaret
.\101_ObjectCategories\accordion\image_0023.jpg,accordion
.\101_ObjectCategories\chandelier\image_0083.jpg,chandelier
.\101_ObjectCategories\hawksbill\image_0077.jpg,hawksbill
.\101_ObjectCategories\soccer_ball\image_0009.jpg,soccer_ball
.\101_ObjectCategories\Motorbikes\image_0178.jpg,Motorbikes
.\101_ObjectCategories\chair\image_0026.jpg,chair
.\101_ObjectCategories\Motorbikes\image_0134.jpg,Motorbikes
.\101_ObjectCategories\airplanes\image_0575.jpg,airplanes
.\101_ObjectCategories\sunflower\image_0033.jpg,sunflower
.\101_ObjectCategories\Faces_easy\image_0414.jpg,Faces_easy
.\101_ObjectCategories\Faces_easy\image_0323.jpg,Faces_easy
.\101_ObjectCategories\watch\image_0099.jpg,watch
.\101_ObjectCategories\stop_sign\image_0054.jpg,stop_sign
.\101_ObjectCategories\Faces\image_0054.jpg,Faces
.\101_ObjectCategories\hedgehog\image_0005.jpg,hedgehog
.\101_ObjectCategories\ketch\image_0084.jpg,ketch
.\101_ObjectCategories\hawksbill\image_0072.jpg,hawksbill
.\101_ObjectCategories\octopus\image_0016.jpg,octopus
.\101_ObjectCategories\windsor_chair\image_0021.jpg,windsor_chair
.\101_ObjectCategories\crocodile\image_0022.jpg,crocodile
.\101_ObjectCategories\electric_guitar\image_0045.jpg,electric_guitar
.\101_ObjectCategories\emu\image_0033.jpg,emu
.\101_ObjectCategories\crayfish\image_0001.jpg,crayfish
.\101_ObjectCategories\airplanes\image_0308.jpg,airplanes
.\101_ObjectCategories\Motorbikes\image_0724.jpg,Motorbikes
.\101_ObjectCategories\airplanes\image_0485.jpg,airplanes
.\101_ObjectCategories\brain\image_0086.jpg,brain
.\101_ObjectCategories\grand_piano\image_0004.jpg,grand_piano
.\101_ObjectCategories\bass\image_0028.jpg,bass
.\101_ObjectCategories\water_lilly\image_0023.jpg,water_lilly
.\101_ObjectCategories\chair\image_0025.jpg,chair
.\101_ObjectCategories\airplanes\image_0126.jpg,airplanes
.\101_ObjectCategories\electric_guitar\image_0066.jpg,electric_guitar
.\101_ObjectCategories\Motorbikes\image_0085.jpg,Motorbikes
.\101_ObjectCategories\garfield\image_0031.jpg,garfield
.\101_ObjectCategories\scissors\image_0024.jpg,scissors
.\101_ObjectCategories\Faces_easy\image_0289.jpg,Faces_easy
.\101_ObjectCategories\revolver\image_0016.jpg,revolver
.\101_ObjectCategories\crocodile\image_0018.jpg,crocodile
.\101_ObjectCategories\nautilus\image_0027.jpg,nautilus
.\101_ObjectCategories\chair\image_0036.jpg,chair
.\101_ObjectCategories\watch\image_0012.jpg,watch
.\101_ObjectCategories\Motorbikes\image_0680.jpg,Motorbikes
.\101_ObjectCategories\trilobite\image_0064.jpg,trilobite
.\101_ObjectCategories\Faces\image_0035.jpg,Faces
.\101_ObjectCategories\sea_horse\image_0046.jpg,sea_horse
.\101_ObjectCategories\rooster\image_0005.jpg,rooster
.\101_ObjectCategories\brain\image_0071.jpg,brain
.\101_ObjectCategories\hawksbill\image_0063.jpg,hawksbill
.\101_ObjectCategories\Faces\image_0106.jpg,Faces
.\101_ObjectCategories\Motorbikes\image_0458.jpg,Motorbikes
.\101_ObjectCategories\car_side\image_0112.jpg,car_side
.\101_ObjectCategories\wrench\image_0015.jpg,wrench
.\101_ObjectCategories\starfish\image_0083.jpg,starfish
.\101_ObjectCategories\stegosaurus\image_0010.jpg,stegosaurus
.\101_ObjectCategories\airplanes\image_0276.jpg,airplanes
.\101_ObjectCategories\Faces_easy\image_0384.jpg,Faces_easy
.\101_ObjectCategories\headphone\image_0007.jpg,headphone
.\101_ObjectCategories\menorah\image_0045.jpg,menorah
.\101_ObjectCategories\water_lilly\image_0007.jpg,water_lilly
.\101_ObjectCategories\Leopards\image_0013.jpg,Leopards
.\101_ObjectCategories\menorah\image_0034.jpg,menorah
.\101_ObjectCategories\dalmatian\image_0017.jpg,dalmatian
.\101_ObjectCategories\cellphone\image_0009.jpg,cellphone
.\101_ObjectCategories\watch\image_0082.jpg,watch
.\101_ObjectCategories\car_side\image_0114.jpg,car_side
.\101_ObjectCategories\Motorbikes\image_0177.jpg,Motorbikes
.\101_ObjectCategories\cellphone\image_0045.jpg,cellphone
.\101_ObjectCategories\airplanes\image_0709.jpg,airplanes
.\101_ObjectCategories\Leopards\image_0055.jpg,Leopards
.\101_ObjectCategories\stapler\image_0023.jpg,stapler
.\101_ObjectCategories\bonsai\image_0035.jpg,bonsai
.\101_ObjectCategories\cougar_face\image_0058.jpg,cougar_face
.\101_ObjectCategories\bonsai\image_0028.jpg,bonsai
.\101_ObjectCategories\airplanes\image_0716.jpg,airplanes
.\101_ObjectCategories\laptop\image_0078.jpg,laptop
.\101_ObjectCategories\scissors\image_0012.jpg,scissors
.\101_ObjectCategories\stegosaurus\image_0017.jpg,stegosaurus
.\101_ObjectCategories\car_side\image_0066.jpg,car_side
.\101_ObjectCategories\Faces_easy\image_0222.jpg,Faces_easy
.\101_ObjectCategories\Motorbikes\image_0296.jpg,Motorbikes
.\101_ObjectCategories\bonsai\image_0058.jpg,bonsai
.\101_ObjectCategories\revolver\image_0001.jpg,revolver
.\101_ObjectCategories\Motorbikes\image_0025.jpg,Motorbikes
.\101_ObjectCategories\laptop\image_0039.jpg,laptop
.\101_ObjectCategories\windsor_chair\image_0045.jpg,windsor_chair
.\101_ObjectCategories\lobster\image_0012.jpg,lobster
.\101_ObjectCategories\watch\image_0014.jpg,watch
.\101_ObjectCategories\elephant\image_0003.jpg,elephant
.\101_ObjectCategories\lamp\image_0059.jpg,lamp
.\101_ObjectCategories\kangaroo\image_0010.jpg,kangaroo
.\101_ObjectCategories\Leopards\image_0137.jpg,Leopards
.\101_ObjectCategories\Faces_easy\image_0302.jpg,Faces_easy
.\101_ObjectCategories\electric_guitar\image_0011.jpg,electric_guitar
.\101_ObjectCategories\Motorbikes\image_0346.jpg,Motorbikes
.\101_ObjectCategories\buddha\image_0012.jpg,buddha
.\101_ObjectCategories\cannon\image_0021.jpg,cannon
.\101_ObjectCategories\airplanes\image_0454.jpg,airplanes
.\101_ObjectCategories\butterfly\image_0080.jpg,butterfly
.\101_ObjectCategories\pigeon\image_0023.jpg,pigeon
.\101_ObjectCategories\rhino\image_0030.jpg,rhino
.\101_ObjectCategories\emu\image_0008.jpg,emu
.\101_ObjectCategories\Motorbikes\image_0640.jpg,Motorbikes
.\101_ObjectCategories\airplanes\image_0511.jpg,airplanes
.\101_ObjectCategories\starfish\image_0028.jpg,starfish
.\101_ObjectCategories\pizza\image_0048.jpg,pizza
.\101_ObjectCategories\ewer\image_0054.jpg,ewer
.\101_ObjectCategories\airplanes\image_0644.jpg,airplanes
.\101_ObjectCategories\bonsai\image_0004.jpg,bonsai
.\101_ObjectCategories\Faces\image_0202.jpg,Faces
.\101_ObjectCategories\airplanes\image_0641.jpg,airplanes
.\101_ObjectCategories\crocodile_head\image_0026.jpg,crocodile_head
.\101_ObjectCategories\helicopter\image_0028.jpg,helicopter
.\101_ObjectCategories\Motorbikes\image_0723.jpg,Motorbikes
.\101_ObjectCategories\starfish\image_0075.jpg,starfish
.\101_ObjectCategories\water_lilly\image_0010.jpg,water_lilly
.\101_ObjectCategories\Motorbikes\image_0407.jpg,Motorbikes
.\101_ObjectCategories\cougar_body\image_0022.jpg,cougar_body
.\101_ObjectCategories\butterfly\image_0004.jpg,butterfly
.\101_ObjectCategories\grand_piano\image_0091.jpg,grand_piano
.\101_ObjectCategories\camera\image_0036.jpg,camera
.\101_ObjectCategories\menorah\image_0006.jpg,menorah
.\101_ObjectCategories\llama\image_0065.jpg,llama
.\101_ObjectCategories\chair\image_0001.jpg,chair
.\101_ObjectCategories\trilobite\image_0071.jpg,trilobite
.\101_ObjectCategories\laptop\image_0028.jpg,laptop
.\101_ObjectCategories\umbrella\image_0013.jpg,umbrella
.\101_ObjectCategories\revolver\image_0046.jpg,revolver
.\101_ObjectCategories\dolphin\image_0023.jpg,dolphin
.\101_ObjectCategories\saxophone\image_0009.jpg,saxophone
.\101_ObjectCategories\Faces_easy\image_0160.jpg,Faces_easy
.\101_ObjectCategories\Motorbikes\image_0710.jpg,Motorbikes
.\101_ObjectCategories\bonsai\image_0125.jpg,bonsai
.\101_ObjectCategories\airplanes\image_0489.jpg,airplanes
.\101_ObjectCategories\umbrella\image_0059.jpg,umbrella
.\101_ObjectCategories\sunflower\image_0037.jpg,sunflower
.\101_ObjectCategories\elephant\image_0064.jpg,elephant
.\101_ObjectCategories\Motorbikes\image_0712.jpg,Motorbikes
.\101_ObjectCategories\Leopards\image_0138.jpg,Leopards
.\101_ObjectCategories\rhino\image_0032.jpg,rhino
.\101_ObjectCategories\Faces_easy\image_0010.jpg,Faces_easy
.\101_ObjectCategories\gerenuk\image_0030.jpg,gerenuk
.\101_ObjectCategories\Motorbikes\image_0391.jpg,Motorbikes
.\101_ObjectCategories\scissors\image_0035.jpg,scissors
.\101_ObjectCategories\airplanes\image_0358.jpg,airplanes
.\101_ObjectCategories\euphonium\image_0038.jpg,euphonium
.\101_ObjectCategories\saxophone\image_0017.jpg,saxophone
.\101_ObjectCategories\dragonfly\image_0028.jpg,dragonfly
.\101_ObjectCategories\panda\image_0030.jpg,panda
.\101_ObjectCategories\Motorbikes\image_0239.jpg,Motorbikes
.\101_ObjectCategories\Leopards\image_0113.jpg,Leopards
.\101_ObjectCategories\dolphin\image_0032.jpg,dolphin
.\101_ObjectCategories\Motorbikes\image_0018.jpg,Motorbikes
.\101_ObjectCategories\pizza\image_0023.jpg,pizza
.\101_ObjectCategories\starfish\image_0001.jpg,starfish
.\101_ObjectCategories\Motorbikes\image_0008.jpg,Motorbikes
.\101_ObjectCategories\nautilus\image_0015.jpg,nautilus
.\101_ObjectCategories\lotus\image_0063.jpg,lotus
.\101_ObjectCategories\airplanes\image_0384.jpg,airplanes
.\101_ObjectCategories\gerenuk\image_0032.jpg,gerenuk
.\101_ObjectCategories\airplanes\image_0039.jpg,airplanes
.\101_ObjectCategories\lamp\image_0029.jpg,lamp
.\101_ObjectCategories\Motorbikes\image_0462.jpg,Motorbikes
.\101_ObjectCategories\Motorbikes\image_0286.jpg,Motorbikes
.\101_ObjectCategories\airplanes\image_0102.jpg,airplanes
.\101_ObjectCategories\sea_horse\image_0026.jpg,sea_horse
.\101_ObjectCategories\ibis\image_0052.jpg,ibis
.\101_ObjectCategories\hawksbill\image_0060.jpg,hawksbill
.\101_ObjectCategories\crocodile_head\image_0050.jpg,crocodile_head
.\101_ObjectCategories\Faces\image_0192.jpg,Faces
.\101_ObjectCategories\Faces_easy\image_0069.jpg,Faces_easy
.\101_ObjectCategories\laptop\image_0027.jpg,laptop
.\101_ObjectCategories\cup\image_0006.jpg,cup
.\101_ObjectCategories\watch\image_0176.jpg,watch
.\101_ObjectCategories\butterfly\image_0046.jpg,butterfly
.\101_ObjectCategories\ibis\image_0021.jpg,ibis
.\101_ObjectCategories\wild_cat\image_0014.jpg,wild_cat
.\101_ObjectCategories\crocodile_head\image_0024.jpg,crocodile_head
.\101_ObjectCategories\lamp\image_0030.jpg,lamp
.\101_ObjectCategories\butterfly\image_0042.jpg,butterfly
.\101_ObjectCategories\flamingo\image_0025.jpg,flamingo
.\101_ObjectCategories\car_side\image_0105.jpg,car_side
.\101_ObjectCategories\nautilus\image_0023.jpg,nautilus
.\101_ObjectCategories\chair\image_0016.jpg,chair
.\101_ObjectCategories\electric_guitar\image_0015.jpg,electric_guitar
.\101_ObjectCategories\rhino\image_0051.jpg,rhino
.\101_ObjectCategories\airplanes\image_0772.jpg,airplanes
.\101_ObjectCategories\water_lilly\image_0025.jpg,water_lilly
.\101_ObjectCategories\brain\image_0094.jpg,brain
.\101_ObjectCategories\Faces\image_0264.jpg,Faces
.\101_ObjectCategories\Faces_easy\image_0086.jpg,Faces_easy
.\101_ObjectCategories\Motorbikes\image_0063.jpg,Motorbikes
.\101_ObjectCategories\menorah\image_0054.jpg,menorah
.\101_ObjectCategories\watch\image_0123.jpg,watch
.\101_ObjectCategories\bonsai\image_0066.jpg,bonsai
.\101_ObjectCategories\airplanes\image_0746.jpg,airplanes
.\101_ObjectCategories\minaret\image_0036.jpg,minaret
.\101_ObjectCategories\Faces\image_0213.jpg,Faces
.\101_ObjectCategories\stapler\image_0021.jpg,stapler
.\101_ObjectCategories\ketch\image_0088.jpg,ketch
.\101_ObjectCategories\ibis\image_0029.jpg,ibis
.\101_ObjectCategories\anchor\image_0021.jpg,anchor
.\101_ObjectCategories\Motorbikes\image_0180.jpg,Motorbikes
.\101_ObjectCategories\soccer_ball\image_0031.jpg,soccer_ball
.\101_ObjectCategories\hawksbill\image_0073.jpg,hawksbill
.\101_ObjectCategories\airplanes\image_0473.jpg,airplanes
.\101_ObjectCategories\hedgehog\image_0050.jpg,hedgehog
.\101_ObjectCategories\Faces_easy\image_0163.jpg,Faces_easy
.\101_ObjectCategories\Faces\image_0270.jpg,Faces
.\101_ObjectCategories\brain\image_0076.jpg,brain
.\101_ObjectCategories\ferry\image_0024.jpg,ferry
.\101_ObjectCategories\kangaroo\image_0024.jpg,kangaroo
.\101_ObjectCategories\crocodile\image_0044.jpg,crocodile
.\101_ObjectCategories\helicopter\image_0025.jpg,helicopter
.\101_ObjectCategories\Faces\image_0301.jpg,Faces
.\101_ObjectCategories\crayfish\image_0068.jpg,crayfish
.\101_ObjectCategories\Faces_easy\image_0099.jpg,Faces_easy
.\101_ObjectCategories\soccer_ball\image_0052.jpg,soccer_ball
.\101_ObjectCategories\car_side\image_0030.jpg,car_side
.\101_ObjectCategories\Motorbikes\image_0678.jpg,Motorbikes
.\101_ObjectCategories\airplanes\image_0769.jpg,airplanes
.\101_ObjectCategories\Faces_easy\image_0290.jpg,Faces_easy
.\101_ObjectCategories\Leopards\image_0195.jpg,Leopards
.\101_ObjectCategories\Faces\image_0009.jpg,Faces
.\101_ObjectCategories\gerenuk\image_0025.jpg,gerenuk
.\101_ObjectCategories\airplanes\image_0655.jpg,airplanes
.\101_ObjectCategories\Motorbikes\image_0222.jpg,Motorbikes
.\101_ObjectCategories\panda\image_0006.jpg,panda
.\101_ObjectCategories\barrel\image_0039.jpg,barrel
.\101_ObjectCategories\minaret\image_0027.jpg,minaret
.\101_ObjectCategories\pigeon\image_0001.jpg,pigeon
.\101_ObjectCategories\trilobite\image_0041.jpg,trilobite
.\101_ObjectCategories\airplanes\image_0117.jpg,airplanes
.\101_ObjectCategories\beaver\image_0028.jpg,beaver
.\101_ObjectCategories\cannon\image_0030.jpg,cannon
.\101_ObjectCategories\hedgehog\image_0029.jpg,hedgehog
.\101_ObjectCategories\scorpion\image_0025.jpg,scorpion
.\101_ObjectCategories\hedgehog\image_0043.jpg,hedgehog
.\101_ObjectCategories\Motorbikes\image_0349.jpg,Motorbikes
.\101_ObjectCategories\accordion\image_0015.jpg,accordion
.\101_ObjectCategories\dalmatian\image_0009.jpg,dalmatian
.\101_ObjectCategories\Faces\image_0208.jpg,Faces
.\101_ObjectCategories\airplanes\image_0594.jpg,airplanes
.\101_ObjectCategories\hawksbill\image_0037.jpg,hawksbill
.\101_ObjectCategories\stop_sign\image_0064.jpg,stop_sign
.\101_ObjectCategories\wheelchair\image_0011.jpg,wheelchair
.\101_ObjectCategories\Faces_easy\image_0420.jpg,Faces_easy
.\101_ObjectCategories\pizza\image_0027.jpg,pizza
.\101_ObjectCategories\soccer_ball\image_0061.jpg,soccer_ball
.\101_ObjectCategories\ibis\image_0064.jpg,ibis
.\101_ObjectCategories\ferry\image_0064.jpg,ferry
.\101_ObjectCategories\airplanes\image_0043.jpg,airplanes
.\101_ObjectCategories\crayfish\image_0023.jpg,crayfish
.\101_ObjectCategories\yin_yang\image_0039.jpg,yin_yang
.\101_ObjectCategories\buddha\image_0041.jpg,buddha
.\101_ObjectCategories\gramophone\image_0021.jpg,gramophone
.\101_ObjectCategories\Motorbikes\image_0285.jpg,Motorbikes
.\101_ObjectCategories\Faces_easy\image_0411.jpg,Faces_easy
.\101_ObjectCategories\euphonium\image_0050.jpg,euphonium
.\101_ObjectCategories\euphonium\image_0032.jpg,euphonium
.\101_ObjectCategories\minaret\image_0010.jpg,minaret
.\101_ObjectCategories\dragonfly\image_0015.jpg,dragonfly
.\101_ObjectCategories\dollar_bill\image_0021.jpg,dollar_bill
.\101_ObjectCategories\panda\image_0001.jpg,panda
.\101_ObjectCategories\pizza\image_0033.jpg,pizza
.\101_ObjectCategories\pyramid\image_0011.jpg,pyramid
.\101_ObjectCategories\airplanes\image_0085.jpg,airplanes
.\101_ObjectCategories\airplanes\image_0051.jpg,airplanes
.\101_ObjectCategories\bass\image_0027.jpg,bass
.\101_ObjectCategories\buddha\image_0038.jpg,buddha
.\101_ObjectCategories\Leopards\image_0111.jpg,Leopards
.\101_ObjectCategories\airplanes\image_0517.jpg,airplanes
.\101_ObjectCategories\stegosaurus\image_0034.jpg,stegosaurus
.\101_ObjectCategories\grand_piano\image_0080.jpg,grand_piano
.\101_ObjectCategories\inline_skate\image_0014.jpg,inline_skate
.\101_ObjectCategories\airplanes\image_0059.jpg,airplanes
.\101_ObjectCategories\rooster\image_0022.jpg,rooster
.\101_ObjectCategories\dragonfly\image_0039.jpg,dragonfly
.\101_ObjectCategories\headphone\image_0017.jpg,headphone
.\101_ObjectCategories\bass\image_0026.jpg,bass
.\101_ObjectCategories\headphone\image_0024.jpg,headphone
.\101_ObjectCategories\Faces\image_0427.jpg,Faces
.\101_ObjectCategories\watch\image_0074.jpg,watch
.\101_ObjectCategories\starfish\image_0020.jpg,starfish
.\101_ObjectCategories\Motorbikes\image_0664.jpg,Motorbikes
.\101_ObjectCategories\chandelier\image_0056.jpg,chandelier
.\101_ObjectCategories\scorpion\image_0031.jpg,scorpion
.\101_ObjectCategories\buddha\image_0023.jpg,buddha
.\101_ObjectCategories\crab\image_0056.jpg,crab
.\101_ObjectCategories\kangaroo\image_0022.jpg,kangaroo
.\101_ObjectCategories\mayfly\image_0002.jpg,mayfly
.\101_ObjectCategories\dolphin\image_0025.jpg,dolphin
.\101_ObjectCategories\flamingo\image_0012.jpg,flamingo
.\101_ObjectCategories\Motorbikes\image_0328.jpg,Motorbikes
.\101_ObjectCategories\Faces_easy\image_0368.jpg,Faces_easy
.\101_ObjectCategories\Faces\image_0296.jpg,Faces
.\101_ObjectCategories\electric_guitar\image_0003.jpg,electric_guitar
.\101_ObjectCategories\airplanes\image_0251.jpg,airplanes
.\101_ObjectCategories\ferry\image_0044.jpg,ferry
.\101_ObjectCategories\menorah\image_0070.jpg,menorah
.\101_ObjectCategories\soccer_ball\image_0014.jpg,soccer_ball
.\101_ObjectCategories\Motorbikes\image_0069.jpg,Motorbikes
.\101_ObjectCategories\grand_piano\image_0040.jpg,grand_piano
.\101_ObjectCategories\menorah\image_0055.jpg,menorah
.\101_ObjectCategories\butterfly\image_0026.jpg,butterfly
.\101_ObjectCategories\llama\image_0014.jpg,llama
.\101_ObjectCategories\saxophone\image_0026.jpg,saxophone
.\101_ObjectCategories\euphonium\image_0043.jpg,euphonium
.\101_ObjectCategories\ewer\image_0041.jpg,ewer
.\101_ObjectCategories\wheelchair\image_0005.jpg,wheelchair
.\101_ObjectCategories\car_side\image_0040.jpg,car_side
.\101_ObjectCategories\chandelier\image_0032.jpg,chandelier
.\101_ObjectCategories\Motorbikes\image_0613.jpg,Motorbikes
.\101_ObjectCategories\airplanes\image_0417.jpg,airplanes
.\101_ObjectCategories\Motorbikes\image_0148.jpg,Motorbikes
.\101_ObjectCategories\airplanes\image_0133.jpg,airplanes
.\101_ObjectCategories\airplanes\image_0293.jpg,airplanes
.\101_ObjectCategories\ceiling_fan\image_0029.jpg,ceiling_fan
.\101_ObjectCategories\llama\image_0068.jpg,llama
.\101_ObjectCategories\Faces\image_0314.jpg,Faces
.\101_ObjectCategories\schooner\image_0037.jpg,schooner
.\101_ObjectCategories\airplanes\image_0681.jpg,airplanes
.\101_ObjectCategories\metronome\image_0019.jpg,metronome
